"Concatenated","Primary_Desc","Secondary_Desc","Tertiary_Desc","Quaternary_Desc"
"C","Commercial","","",""
"CA","Commercial","Agricultural","",""
"CA01","Commercial","Agricultural","Farm / Non-Residential Associated Building",""
"CA02","Commercial","Agricultural","Fishery",""
"CA02FF","Commercial","Agricultural","Fishery","Fish Farming"
"CA02FH","Commercial","Agricultural","Fishery","Fish Hatchery"
"CA02FP","Commercial","Agricultural","Fishery","Fish Processing"
"CA02OY","Commercial","Agricultural","Fishery","Oyster / Mussel Bed"
"CA03","Commercial","Agricultural","Horticulture",""
"CA03SH","Commercial","Agricultural","Horticulture","Smallholding"
"CA03VY","Commercial","Agricultural","Horticulture","Vineyard"
"CA03WB","Commercial","Agricultural","Horticulture","Watercress Bed"
"CA04","Commercial","Agricultural","Slaughter House / Abattoir",""
"CB","Commercial","Ancillary Building","",""
"CC","Commercial","Community Services","",""
"CC02","Commercial","Community Services","Law Court",""
"CC03","Commercial","Community Services","Prison",""
"CC03HD","Commercial","Community Services","Prison","HM Detention Centre"
"CC03PR","Commercial","Community Services","Prison","HM Prison Service"
"CC03SC","Commercial","Community Services","Prison","Secure Residential Accommodation"
"CC04","Commercial","Community Services","Public / Village Hall / Other Community Facility",""
"CC04YR","Commercial","Community Services","Public / Village Hall / Other Community Facility","Youth Recreational / Social Club"
"CC05","Commercial","Community Services","Public Convenience",""
"CC06","Commercial","Community Services","Cemetery / Crematorium / Graveyard.  In Current Use.",""
"CC06CB","Commercial","Community Services","Cemetery / Crematorium / Graveyard.  In Current Use.","Columbarium"
"CC06CR","Commercial","Community Services","Cemetery / Crematorium / Graveyard.  In Current Use.","Chapel Of Rest"
"CC06CN","Commercial","Community Services","Cemetery / Crematorium / Graveyard.  In Current Use.","Crematorium"
"CC06CY","Commercial","Community Services","Cemetery / Crematorium / Graveyard.  In Current Use.","Cemetery"
"CC06MC","Commercial","Community Services","Cemetery / Crematorium / Graveyard.  In Current Use.","Military Cemetery"
"CC06MY","Commercial","Community Services","Cemetery / Crematorium / Graveyard.  In Current Use.","Mortuary"
"CC07","Commercial","Community Services","Church Hall / Religious Meeting Place / Hall",""
"CC08","Commercial","Community Services","Community Service Centre / Office",""
"CC09","Commercial","Community Services","Public Household Waste Recycling Centre (HWRC)",""
"CC10","Commercial","Community Services","Recycling Site",""
"CC11","Commercial","Community Services","CCTV",""
"CC12","Commercial","Community Services","Job Centre",""
"CE","Commercial","Education","",""
"CE01","Commercial","Education","College",""
"CE01FE","Commercial","Education","College","Further Education"
"CE01HE","Commercial","Education","College","Higher Education"
"CE02","Commercial","Education","Children’s Nursery / Crèche",""
"CE03","Commercial","Education","Preparatory / First / Primary / Infant / Junior / Middle School",""
"CE03FS","Commercial","Education","Preparatory / First / Primary / Infant / Junior / Middle School","First School"
"CE03IS","Commercial","Education","Preparatory / First / Primary / Infant / Junior / Middle School","Infant School"
"CE03JS","Commercial","Education","Preparatory / First / Primary / Infant / Junior / Middle School","Junior School"
"CE03MS","Commercial","Education","Preparatory / First / Primary / Infant / Junior / Middle School","Middle School"
"CE03NP","Commercial","Education","Preparatory / First / Primary / Infant / Junior / Middle School","Non State Primary / Preparatory School"
"CE03PS","Commercial","Education","Preparatory / First / Primary / Infant / Junior / Middle School","Primary School"
"CE04","Commercial","Education","Secondary / High School",""
"CE04NS","Commercial","Education","Secondary / High School","Non State Secondary School"
"CE04SS","Commercial","Education","Secondary / High School","Secondary School"
"CE05","Commercial","Education","University",""
"CE06","Commercial","Education","Special Needs Establishment.",""
"CE07","Commercial","Education","Other Educational Establishment",""
"CH","Commercial","Hotel / Motel / Boarding / Guest House","",""
"CH01","Commercial","Hotel / Motel / Boarding / Guest House","Boarding / Guest House / Bed And Breakfast / Youth Hostel",""
"CH01YH","Commercial","Hotel / Motel / Boarding / Guest House","Boarding / Guest House / Bed And Breakfast / Youth Hostel","Youth Hostel"
"CH02","Commercial","Hotel / Motel / Boarding / Guest House","Holiday Let/Accomodation/Short-Term Let Other Than CH01",""
"CH03","Commercial","Hotel / Motel / Boarding / Guest House","Hotel/Motel",""
"CI","Commercial","Industrial Applicable to manufacturing, engineering, maintenance, storage / wholesale distribution and extraction sites","",""
"CI01","Commercial","Industrial Applicable to manufacturing, engineering, maintenance, storage / wholesale distribution and extraction sites","Factory/Manufacturing",""
"CI01AW","Commercial","Industrial Applicable to manufacturing, engineering, maintenance, storage / wholesale distribution and extraction sites","Factory/Manufacturing","Aircraft Works"
"CI01BB","Commercial","Industrial Applicable to manufacturing, engineering, maintenance, storage / wholesale distribution and extraction sites","Factory/Manufacturing","Boat Building"
"CI01BR","Commercial","Industrial Applicable to manufacturing, engineering, maintenance, storage / wholesale distribution and extraction sites","Factory/Manufacturing","Brick Works"
"CI01BW","Commercial","Industrial Applicable to manufacturing, engineering, maintenance, storage / wholesale distribution and extraction sites","Factory/Manufacturing","Brewery"
"CI01CD","Commercial","Industrial Applicable to manufacturing, engineering, maintenance, storage / wholesale distribution and extraction sites","Factory/Manufacturing","Cider Manufacture"
"CI01CM","Commercial","Industrial Applicable to manufacturing, engineering, maintenance, storage / wholesale distribution and extraction sites","Factory/Manufacturing","Chemical Works"
"CI01CW","Commercial","Industrial Applicable to manufacturing, engineering, maintenance, storage / wholesale distribution and extraction sites","Factory/Manufacturing","Cement Works"
"CI01DA","Commercial","Industrial Applicable to manufacturing, engineering, maintenance, storage / wholesale distribution and extraction sites","Factory/Manufacturing","Dairy Processing"
"CI01DY","Commercial","Industrial Applicable to manufacturing, engineering, maintenance, storage / wholesale distribution and extraction sites","Factory/Manufacturing","Distillery"
"CI01FL","Commercial","Industrial Applicable to manufacturing, engineering, maintenance, storage / wholesale distribution and extraction sites","Factory/Manufacturing","Flour Mill"
"CI01FO","Commercial","Industrial Applicable to manufacturing, engineering, maintenance, storage / wholesale distribution and extraction sites","Factory/Manufacturing","Food Processing"
"CI01GW","Commercial","Industrial Applicable to manufacturing, engineering, maintenance, storage / wholesale distribution and extraction sites","Factory/Manufacturing","Glassworks"
"CI01MG","Commercial","Industrial Applicable to manufacturing, engineering, maintenance, storage / wholesale distribution and extraction sites","Factory/Manufacturing","Manufacturing"
"CI01OH","Commercial","Industrial Applicable to manufacturing, engineering, maintenance, storage / wholesale distribution and extraction sites","Factory/Manufacturing","Oast House"
"CI01OR","Commercial","Industrial Applicable to manufacturing, engineering, maintenance, storage / wholesale distribution and extraction sites","Factory/Manufacturing","Oil Refining"
"CI01PG","Commercial","Industrial Applicable to manufacturing, engineering, maintenance, storage / wholesale distribution and extraction sites","Factory/Manufacturing","Pottery Manufacturing"
"CI01PM","Commercial","Industrial Applicable to manufacturing, engineering, maintenance, storage / wholesale distribution and extraction sites","Factory/Manufacturing","Paper Mill"
"CI01PW","Commercial","Industrial Applicable to manufacturing, engineering, maintenance, storage / wholesale distribution and extraction sites","Factory/Manufacturing","Printing Works"
"CI01YD","Commercial","Industrial Applicable to manufacturing, engineering, maintenance, storage / wholesale distribution and extraction sites","Factory/Manufacturing","Shipyard"
"CI01SR","Commercial","Industrial Applicable to manufacturing, engineering, maintenance, storage / wholesale distribution and extraction sites","Factory/Manufacturing","Sugar Refinery"
"CI01SW","Commercial","Industrial Applicable to manufacturing, engineering, maintenance, storage / wholesale distribution and extraction sites","Factory/Manufacturing","Steel Works"
"CI01TL","Commercial","Industrial Applicable to manufacturing, engineering, maintenance, storage / wholesale distribution and extraction sites","Factory/Manufacturing","Timber Mill"
"CI01WN","Commercial","Industrial Applicable to manufacturing, engineering, maintenance, storage / wholesale distribution and extraction sites","Factory/Manufacturing","Winery"
"CI02","Commercial","Industrial Applicable to manufacturing, engineering, maintenance, storage / wholesale distribution and extraction sites","Mineral / Ore Working / Quarry / Mine",""
"CI02MA","Commercial","Industrial Applicable to manufacturing, engineering, maintenance, storage / wholesale distribution and extraction sites","Mineral / Ore Working / Quarry / Mine","Mineral Mining / Active"
"CI02MD","Commercial","Industrial Applicable to manufacturing, engineering, maintenance, storage / wholesale distribution and extraction sites","Mineral / Ore Working / Quarry / Mine","Mineral Distribution / Storage"
"CI02MP","Commercial","Industrial Applicable to manufacturing, engineering, maintenance, storage / wholesale distribution and extraction sites","Mineral / Ore Working / Quarry / Mine","Mineral Processing"
"CI02OA","Commercial","Industrial Applicable to manufacturing, engineering, maintenance, storage / wholesale distribution and extraction sites","Mineral / Ore Working / Quarry / Mine","Oil / Gas Extraction / Active"
"CI02QA","Commercial","Industrial Applicable to manufacturing, engineering, maintenance, storage / wholesale distribution and extraction sites","Mineral / Ore Working / Quarry / Mine","Mineral Quarrying / Open Extraction / Active"
"CI03","Commercial","Industrial Applicable to manufacturing, engineering, maintenance, storage / wholesale distribution and extraction sites","Workshop / Light Industrial",""
"CI03GA","Commercial","Industrial Applicable to manufacturing, engineering, maintenance, storage / wholesale distribution and extraction sites","Workshop / Light Industrial","Servicing Garage"
"CI04","Commercial","Industrial Applicable to manufacturing, engineering, maintenance, storage / wholesale distribution and extraction sites","Warehouse / Store / Storage Depot",""
"CI04CS","Commercial","Industrial Applicable to manufacturing, engineering, maintenance, storage / wholesale distribution and extraction sites","Warehouse / Store / Storage Depot","Crop Handling / Storage"
"CI04PL","Commercial","Industrial Applicable to manufacturing, engineering, maintenance, storage / wholesale distribution and extraction sites","Warehouse / Store / Storage Depot","Postal Sorting / Distribution"
"CI04SO","Commercial","Industrial Applicable to manufacturing, engineering, maintenance, storage / wholesale distribution and extraction sites","Warehouse / Store / Storage Depot","Solid Fuel Storage"
"CI04TS","Commercial","Industrial Applicable to manufacturing, engineering, maintenance, storage / wholesale distribution and extraction sites","Warehouse / Store / Storage Depot","Timber Storage"
"CI05","Commercial","Industrial Applicable to manufacturing, engineering, maintenance, storage / wholesale distribution and extraction sites","Wholesale Distribution",""
"CI05SF","Commercial","Industrial Applicable to manufacturing, engineering, maintenance, storage / wholesale distribution and extraction sites","Wholesale Distribution","Solid Fuel Distribution"
"CI05TD","Commercial","Industrial Applicable to manufacturing, engineering, maintenance, storage / wholesale distribution and extraction sites","Wholesale Distribution","Timber Distribution"
"CI06","Commercial","Industrial Applicable to manufacturing, engineering, maintenance, storage / wholesale distribution and extraction sites","Recycling Plant",""
"CI07","Commercial","Industrial Applicable to manufacturing, engineering, maintenance, storage / wholesale distribution and extraction sites","Incinerator / Waste Transfer Station",""
"CI08","Commercial","Industrial Applicable to manufacturing, engineering, maintenance, storage / wholesale distribution and extraction sites","Maintenance Depot",""
"CL","Commercial","Leisure - Applicable to recreational sites and enterprises","",""
"CL01","Commercial","Leisure - Applicable to recreational sites and enterprises","Amusements",""
"CL01LP","Commercial","Leisure - Applicable to recreational sites and enterprises","Amusements","Leisure Pier"
"CL02","Commercial","Leisure - Applicable to recreational sites and enterprises","Holiday / Campsite",""
"CL02CG","Commercial","Leisure - Applicable to recreational sites and enterprises","Holiday / Campsite","Camping"
"CL02CV","Commercial","Leisure - Applicable to recreational sites and enterprises","Holiday / Campsite","Caravanning"
"CL02HA","Commercial","Leisure - Applicable to recreational sites and enterprises","Holiday / Campsite","Holiday Accommodation"
"CL02HO","Commercial","Leisure - Applicable to recreational sites and enterprises","Holiday / Campsite","Holiday Centre"
"CL02YC","Commercial","Leisure - Applicable to recreational sites and enterprises","Holiday / Campsite","Youth Organisation Camp"
"CL03","Commercial","Leisure - Applicable to recreational sites and enterprises","Library",""
"CL03RR","Commercial","Leisure - Applicable to recreational sites and enterprises","Library","Reading Room"
"CL04","Commercial","Leisure - Applicable to recreational sites and enterprises","Museum / Gallery",""
"CL04AC","Commercial","Leisure - Applicable to recreational sites and enterprises","Museum / Gallery","Art Centre / Gallery"
"CL04AM","Commercial","Leisure - Applicable to recreational sites and enterprises","Museum / Gallery","Aviation Museum"
"CL04HG","Commercial","Leisure - Applicable to recreational sites and enterprises","Museum / Gallery","Heritage Centre"
"CL04IM","Commercial","Leisure - Applicable to recreational sites and enterprises","Museum / Gallery","Industrial Museum"
"CL04MM","Commercial","Leisure - Applicable to recreational sites and enterprises","Museum / Gallery","Military Museum"
"CL04SM","Commercial","Leisure - Applicable to recreational sites and enterprises","Museum / Gallery","Science Museum"
"CL04TM","Commercial","Leisure - Applicable to recreational sites and enterprises","Museum / Gallery","Transport Museum"
"CL04NM","Commercial","Leisure - Applicable to recreational sites and enterprises","Museum / Gallery","Maritime Museum"
"CL06","Commercial","Leisure - Applicable to recreational sites and enterprises","Indoor / Outdoor Leisure / Sporting Activity / Centre",""
"CL06AH","Commercial","Leisure - Applicable to recreational sites and enterprises","Indoor / Outdoor Leisure / Sporting Activity / Centre","Athletics Facility"
"CL06BF","Commercial","Leisure - Applicable to recreational sites and enterprises","Indoor / Outdoor Leisure / Sporting Activity / Centre","Bowls Facility"
"CL06CK","Commercial","Leisure - Applicable to recreational sites and enterprises","Indoor / Outdoor Leisure / Sporting Activity / Centre","Cricket Facility"
"CL06CU","Commercial","Leisure - Applicable to recreational sites and enterprises","Indoor / Outdoor Leisure / Sporting Activity / Centre","Curling Facility"
"CL06YF","Commercial","Leisure - Applicable to recreational sites and enterprises","Indoor / Outdoor Leisure / Sporting Activity / Centre","Cycling Sports Facility"
"CL06DS","Commercial","Leisure - Applicable to recreational sites and enterprises","Indoor / Outdoor Leisure / Sporting Activity / Centre","Diving / Swimming Facility"
"CL06EQ","Commercial","Leisure - Applicable to recreational sites and enterprises","Indoor / Outdoor Leisure / Sporting Activity / Centre","Equestrian Sports Facility"
"CL06FB","Commercial","Leisure - Applicable to recreational sites and enterprises","Indoor / Outdoor Leisure / Sporting Activity / Centre","Football Facility"
"CL06FI","Commercial","Leisure - Applicable to recreational sites and enterprises","Indoor / Outdoor Leisure / Sporting Activity / Centre","Fishing / Angling Facility"
"CL06GF","Commercial","Leisure - Applicable to recreational sites and enterprises","Indoor / Outdoor Leisure / Sporting Activity / Centre","Golf Facility"
"CL06GL","Commercial","Leisure - Applicable to recreational sites and enterprises","Indoor / Outdoor Leisure / Sporting Activity / Centre","Gliding Facility"
"CL06GR","Commercial","Leisure - Applicable to recreational sites and enterprises","Indoor / Outdoor Leisure / Sporting Activity / Centre","Greyhound Racing Facility"
"CL06HF","Commercial","Leisure - Applicable to recreational sites and enterprises","Indoor / Outdoor Leisure / Sporting Activity / Centre","Hockey Facility"
"CL06HR","Commercial","Leisure - Applicable to recreational sites and enterprises","Indoor / Outdoor Leisure / Sporting Activity / Centre","Horse Racing Facility"
"CL06HV","Commercial","Leisure - Applicable to recreational sites and enterprises","Indoor / Outdoor Leisure / Sporting Activity / Centre","Historic Vessel / Aircraft / Vehicle"
"CL06LS","Commercial","Leisure - Applicable to recreational sites and enterprises","Indoor / Outdoor Leisure / Sporting Activity / Centre","Activity / Leisure / Sports Centre"
"CL06ME","Commercial","Leisure - Applicable to recreational sites and enterprises","Indoor / Outdoor Leisure / Sporting Activity / Centre","Model Sports Facility"
"CL06MF","Commercial","Leisure - Applicable to recreational sites and enterprises","Indoor / Outdoor Leisure / Sporting Activity / Centre","Motor Sports Facility"
"CL06PF","Commercial","Leisure - Applicable to recreational sites and enterprises","Indoor / Outdoor Leisure / Sporting Activity / Centre","Playing Field"
"CL06QS","Commercial","Leisure - Applicable to recreational sites and enterprises","Indoor / Outdoor Leisure / Sporting Activity / Centre","Racquet Sports Facility"
"CL06RF","Commercial","Leisure - Applicable to recreational sites and enterprises","Indoor / Outdoor Leisure / Sporting Activity / Centre","Rugby Facility"
"CL06RG","Commercial","Leisure - Applicable to recreational sites and enterprises","Indoor / Outdoor Leisure / Sporting Activity / Centre","Recreation Ground"
"CL06SI","Commercial","Leisure - Applicable to recreational sites and enterprises","Indoor / Outdoor Leisure / Sporting Activity / Centre","Shinty Facility"
"CL06SK","Commercial","Leisure - Applicable to recreational sites and enterprises","Indoor / Outdoor Leisure / Sporting Activity / Centre","Skateboarding Facility"
"CL06SX","Commercial","Leisure - Applicable to recreational sites and enterprises","Indoor / Outdoor Leisure / Sporting Activity / Centre","Civilian Firing Facility"
"CL06TB","Commercial","Leisure - Applicable to recreational sites and enterprises","Indoor / Outdoor Leisure / Sporting Activity / Centre","Tenpin Bowling Facility"
"CL06TN","Commercial","Leisure - Applicable to recreational sites and enterprises","Indoor / Outdoor Leisure / Sporting Activity / Centre","Public Tennis Court"
"CL06WA","Commercial","Leisure - Applicable to recreational sites and enterprises","Indoor / Outdoor Leisure / Sporting Activity / Centre","Water Sports Facility"
"CL06WP","Commercial","Leisure - Applicable to recreational sites and enterprises","Indoor / Outdoor Leisure / Sporting Activity / Centre","Winter Sports Facility"
"CL06WY","Commercial","Leisure - Applicable to recreational sites and enterprises","Indoor / Outdoor Leisure / Sporting Activity / Centre","Wildlife Sports Facility"
"CL07","Commercial","Leisure - Applicable to recreational sites and enterprises","Bingo Hall / Cinema / Conference / Exhibition Centre / Theatre / Concert Hall",""
"CL07TH","Commercial","Leisure - Applicable to recreational sites and enterprises","Bingo Hall / Cinema / Conference / Exhibition Centre / Theatre / Concert Hall","Theatre"
"CL07CI","Commercial","Leisure - Applicable to recreational sites and enterprises","Bingo Hall / Cinema / Conference / Exhibition Centre / Theatre / Concert Hall","Cinema"
"CL07EN","Commercial","Leisure - Applicable to recreational sites and enterprises","Bingo Hall / Cinema / Conference / Exhibition Centre / Theatre / Concert Hall","Entertainment Complex"
"CL07EX","Commercial","Leisure - Applicable to recreational sites and enterprises","Bingo Hall / Cinema / Conference / Exhibition Centre / Theatre / Concert Hall","Conference / Exhibition Centre"
"CL08","Commercial","Leisure - Applicable to recreational sites and enterprises","Zoo / Theme Park",""
"CL08AK","Commercial","Leisure - Applicable to recreational sites and enterprises","Zoo / Theme Park","Amusement Park"
"CL08MX","Commercial","Leisure - Applicable to recreational sites and enterprises","Zoo / Theme Park","Model Village Site"
"CL08WZ","Commercial","Leisure - Applicable to recreational sites and enterprises","Zoo / Theme Park","Wildlife / Zoological Park"
"CL08AQ","Commercial","Leisure - Applicable to recreational sites and enterprises","Zoo / Theme Park","Aquatic Attraction"
"CL09","Commercial","Leisure - Applicable to recreational sites and enterprises","Beach Hut (Recreational, Non-Residential Use Only)",""
"CL10","Commercial","Leisure - Applicable to recreational sites and enterprises","Licensed Private Members’ Club",""
"CL10RE","Commercial","Leisure - Applicable to recreational sites and enterprises","Licensed Private Members’ Club","Recreational / Social Club"
"CL11","Commercial","Leisure - Applicable to recreational sites and enterprises","Arena / Stadium",""
"CL11SD","Commercial","Leisure - Applicable to recreational sites and enterprises","Arena / Stadium","Stadium"
"CL11SJ","Commercial","Leisure - Applicable to recreational sites and enterprises","Arena / Stadium","Showground"
"CM","Commercial","Medical","",""
"CM01","Commercial","Medical","Dentist",""
"CM02","Commercial","Medical","General Practice Surgery / Clinic",""
"CM02HL","Commercial","Medical","General Practice Surgery / Clinic","Health Care Services"
"CM02HC","Commercial","Medical","General Practice Surgery / Clinic","Health Centre"
"CM03","Commercial","Medical","Hospital / Hospice",""
"CM03HI","Commercial","Medical","Hospital / Hospice","Hospice"
"CM03HP","Commercial","Medical","Hospital / Hospice","Hospital"
"CM04","Commercial","Medical","Medical / Testing / Research Laboratory",""
"CM05","Commercial","Medical","Professional Medical Service",""
"CM05ZS","Commercial","Medical","Professional Medical Service","Assessment / Development Services"
"CN","Commercial","Animal Centre","",""
"CN01","Commercial","Animal Centre","Cattery / Kennel",""
"CN02","Commercial","Animal Centre","Animal Services",""
"CN02AX","Commercial","Animal Centre","Animal Services","Animal Quarantining"
"CN03","Commercial","Animal Centre","Equestrian",""
"CN03HB","Commercial","Animal Centre","Equestrian","Horse Racing / Breeding Stable"
"CN03SB","Commercial","Animal Centre","Equestrian","Commercial Stabling / Riding"
"CN04","Commercial","Animal Centre","Vet / Animal Medical Treatment",""
"CN05","Commercial","Animal Centre","Animal / Bird / Marine Sanctuary",""
"CN05AN","Commercial","Animal Centre","Animal / Bird / Marine Sanctuary","Animal Sanctuary"
"CN05MR","Commercial","Animal Centre","Animal / Bird / Marine Sanctuary","Marine Sanctuary"
"CO","Commercial","Office","",""
"CO01","Commercial","Office","Office / Work Studio",""
"CO01EM","Commercial","Office","Office / Work Studio","Embassy /, High Commission / Consulate"
"CO01FM","Commercial","Office","Office / Work Studio","Film Studio"
"CO01GV","Commercial","Office","Office / Work Studio","Central Government Service"
"CO01LG","Commercial","Office","Office / Work Studio","Local Government Service"
"CO02","Commercial","Office","Broadcasting (TV / Radio)",""
"CR","Commercial","Retail","",""
"CR01","Commercial","Retail","Bank / Financial Service",""
"CR02","Commercial","Retail","Retail Service Agent",""
"CR02PO","Commercial","Retail","Retail Service Agent","Post Office"
"CR04","Commercial","Retail","Market (Indoor / Outdoor)",""
"CR04FK","Commercial","Retail","Market (Indoor / Outdoor)","Fish Market"
"CR04FV","Commercial","Retail","Market (Indoor / Outdoor)","Fruit / Vegetable Market"
"CR04LV","Commercial","Retail","Market (Indoor / Outdoor)","Livestock Market"
"CR05","Commercial","Retail","Petrol Filling Station",""
"CR06","Commercial","Retail","Public House / Bar / Nightclub ",""
"CR07","Commercial","Retail","Restaurant / Cafeteria",""
"CR08","Commercial","Retail","Shop / Showroom",""
"CR08GC","Commercial","Retail","Shop / Showroom","Garden Centre"
"CR09","Commercial","Retail","Other Licensed Premise / Vendor",""
"CR10","Commercial","Retail","Fast Food Outlet / Takeaway (Hot / Cold)",""
"CR11","Commercial","Retail","Automated Teller Machine (ATM)",""
"CS","Commercial","Storage Land","",""
"CS01","Commercial","Storage Land","General Storage Land",""
"CS02","Commercial","Storage Land","Builders’ Yard",""
"CT","Commercial","Transport","",""
"CT01","Commercial","Transport","Airfield / Airstrip / Airport / Air Transport Infrastructure Facility",""
"CT01AF","Commercial","Transport","Airfield / Airstrip / Airport / Air Transport Infrastructure Facility","Airfield"
"CT01AY","Commercial","Transport","Airfield / Airstrip / Airport / Air Transport Infrastructure Facility","Air Passenger Terminal"
"CT01AI","Commercial","Transport","Airfield / Airstrip / Airport / Air Transport Infrastructure Facility","Air Transport Infrastructure Services"
"CT01AP","Commercial","Transport","Airfield / Airstrip / Airport / Air Transport Infrastructure Facility","Airport"
"CT01HS","Commercial","Transport","Airfield / Airstrip / Airport / Air Transport Infrastructure Facility","Helicopter Station"
"CT01HT","Commercial","Transport","Airfield / Airstrip / Airport / Air Transport Infrastructure Facility","Heliport / Helipad"
"CT02","Commercial","Transport","Bus Shelter",""
"CT03","Commercial","Transport","Car / Coach / Commercial Vehicle / Taxi Parking / Park And Ride Site ",""
"CT03PK","Commercial","Transport","Car / Coach / Commercial Vehicle / Taxi Parking / Park And Ride Site ","Public Park And Ride"
"CT03PP","Commercial","Transport","Car / Coach / Commercial Vehicle / Taxi Parking / Park And Ride Site ","Public Car Parking"
"CT03PU","Commercial","Transport","Car / Coach / Commercial Vehicle / Taxi Parking / Park And Ride Site ","Public Coach Parking"
"CT03VP","Commercial","Transport","Car / Coach / Commercial Vehicle / Taxi Parking / Park And Ride Site ","Public Commercial Vehicle Parking"
"CT04","Commercial","Transport","Goods Freight Handling / Terminal",""
"CT04AE","Commercial","Transport","Goods Freight Handling / Terminal","Air Freight Terminal"
"CT04CF","Commercial","Transport","Goods Freight Handling / Terminal","Container Freight"
"CT04RH","Commercial","Transport","Goods Freight Handling / Terminal","Road Freight Transport"
"CT04RT","Commercial","Transport","Goods Freight Handling / Terminal","Rail Freight Transport"
"CT05","Commercial","Transport","Marina",""
"CT06","Commercial","Transport","Mooring",""
"CT07","Commercial","Transport","Railway Asset",""
"CT08","Commercial","Transport","Station / Interchange / Terminal / Halt",""
"CT08BC","Commercial","Transport","Station / Interchange / Terminal / Halt","Bus / Coach Station"
"CT08RS","Commercial","Transport","Station / Interchange / Terminal / Halt","Railway Station"
"CT08VH","Commercial","Transport","Station / Interchange / Terminal / Halt","Vehicular Rail Terminal"
"CT09","Commercial","Transport","Transport Track / Way",""
"CT09CL","Commercial","Transport","Transport Track / Way","Cliff Railway"
"CT09CX","Commercial","Transport","Transport Track / Way","Chair Lift / Cable Car / Ski Tow"
"CT09MO","Commercial","Transport","Transport Track / Way","Monorail"
"CT10","Commercial","Transport","Vehicle Storage",""
"CT10BG","Commercial","Transport","Vehicle Storage","Boat Storage"
"CT10BU","Commercial","Transport","Vehicle Storage","Bus / Coach Depot"
"CT11","Commercial","Transport","Transport Related Infrastructure",""
"CT11AD","Commercial","Transport","Transport Related Infrastructure","Aqueduct"
"CT11LK","Commercial","Transport","Transport Related Infrastructure","Lock"
"CT11WE","Commercial","Transport","Transport Related Infrastructure","Weir"
"CT11WG","Commercial","Transport","Transport Related Infrastructure","Weighbridge / Load Gauge"
"CT12","Commercial","Transport","Overnight Lorry Park",""
"CT13","Commercial","Transport","Harbour / Port / Dock / Dockyard / Slipway / Landing Stage / Pier / Jetty / Pontoon / Terminal / Berthing / Quay",""
"CT13FR","Commercial","Transport","Harbour / Port / Dock / Dockyard / Slipway / Landing Stage / Pier / Jetty / Pontoon / Terminal / Berthing / Quay","Passenger Ferry Terminal"
"CT13NB","Commercial","Transport","Harbour / Port / Dock / Dockyard / Slipway / Landing Stage / Pier / Jetty / Pontoon / Terminal / Berthing / Quay","Non-Tanker Nautical Berthing"
"CT13NF","Commercial","Transport","Harbour / Port / Dock / Dockyard / Slipway / Landing Stage / Pier / Jetty / Pontoon / Terminal / Berthing / Quay","Nautical Refuelling Facility"
"CT13SA","Commercial","Transport","Harbour / Port / Dock / Dockyard / Slipway / Landing Stage / Pier / Jetty / Pontoon / Terminal / Berthing / Quay","Slipway"
"CT13SP","Commercial","Transport","Harbour / Port / Dock / Dockyard / Slipway / Landing Stage / Pier / Jetty / Pontoon / Terminal / Berthing / Quay","Ship Passenger Terminal"
"CT13TK","Commercial","Transport","Harbour / Port / Dock / Dockyard / Slipway / Landing Stage / Pier / Jetty / Pontoon / Terminal / Berthing / Quay","Tanker Berthing"
"CT13VF","Commercial","Transport","Harbour / Port / Dock / Dockyard / Slipway / Landing Stage / Pier / Jetty / Pontoon / Terminal / Berthing / Quay","Vehicular Ferry Terminal"
"CU","Commercial","Utility","",""
"CU01","Commercial","Utility","Electricity Sub-Station",""
"CU02","Commercial","Utility","Landfill",""
"CU03","Commercial","Utility","Power Station / Energy Production",""
"CU03ED","Commercial","Utility","Power Station / Energy Production","Electricity Distribution Facility"
"CU03EP","Commercial","Utility","Power Station / Energy Production","Electricity Production Facility"
"CU03WF","Commercial","Utility","Power Station / Energy Production","Wind Farm"
"CU03WU","Commercial","Utility","Power Station / Energy Production","Wind Turbine"
"CU04","Commercial","Utility","Pump House / Pumping Station / Water Tower",""
"CU04WC","Commercial","Utility","Pump House / Pumping Station / Water Tower","Water Controlling / Pumping"
"CU04WD","Commercial","Utility","Pump House / Pumping Station / Water Tower","Water Distribution / Pumping"
"CU04WM","Commercial","Utility","Pump House / Pumping Station / Water Tower","Water Quality Monitoring"
"CU04WS","Commercial","Utility","Pump House / Pumping Station / Water Tower","Water Storage"
"CU04WW","Commercial","Utility","Pump House / Pumping Station / Water Tower","Waste Water Distribution / Pumping"
"CU06","Commercial","Utility","Telecommunication ",""
"CU06TE","Commercial","Utility","Telecommunication ","Telecommunications Mast"
"CU06TX","Commercial","Utility","Telecommunication ","Telephone Exchange"
"CU07","Commercial","Utility","Water / Waste Water / Sewage Treatment Works",""
"CU07WR","Commercial","Utility","Water / Waste Water / Sewage Treatment Works","Waste Water Treatment"
"CU07WT","Commercial","Utility","Water / Waste Water / Sewage Treatment Works","Water Treatment"
"CU08","Commercial","Utility","Gas / Oil Storage / Distribution",""
"CU08GG","Commercial","Utility","Gas / Oil Storage / Distribution","Gas Governor"
"CU08GH","Commercial","Utility","Gas / Oil Storage / Distribution","Gas Holder"
"CU08OT","Commercial","Utility","Gas / Oil Storage / Distribution","Oil Terminal"
"CU09","Commercial","Utility","Other Utility Use",""
"CU09OV","Commercial","Utility","Other Utility Use","Observatory"
"CU09RA","Commercial","Utility","Other Utility Use","Radar Station"
"CU09SE","Commercial","Utility","Other Utility Use","Satellite Earth Station"
"CU09CQ","Commercial","Utility","Other Utility Use","Cable Terminal Station"
"CU10","Commercial","Utility","Waste Management",""
"CU11","Commercial","Utility","Telephone Box",""
"CU11OP","Commercial","Utility","Telephone Box","Other Public Telephones"
"CU12","Commercial","Utility","Dam",""
"CX","Commercial","Emergency / Rescue Service","",""
"CX01","Commercial","Emergency / Rescue Service","Police / Transport Police / Station",""
"CX01PT","Commercial","Emergency / Rescue Service","Police / Transport Police / Station","Police Training"
"CX02","Commercial","Emergency / Rescue Service","Fire Station",""
"CX02FT","Commercial","Emergency / Rescue Service","Fire Station","Fire Service Training"
"CX03","Commercial","Emergency / Rescue Service","Ambulance Station",""
"CX03AA","Commercial","Emergency / Rescue Service","Ambulance Station","Air Sea Rescue / Air Ambulance"
"CX04","Commercial","Emergency / Rescue Service","Lifeboat Services / Station",""
"CX05","Commercial","Emergency / Rescue Service","Coastguard Rescue / Lookout / Station",""
"CX06","Commercial","Emergency / Rescue Service","Mountain Rescue Station",""
"CX07","Commercial","Emergency / Rescue Service","Lighthouse",""
"CX08","Commercial","Emergency / Rescue Service","Police Box / Kiosk",""
"CZ","Commercial","Information","",""
"CZ01","Commercial","Information","Advertising Hoarding",""
"CZ02","Commercial","Information","Tourist Information Signage",""
"CZ02VI","Commercial","Information","Tourist Information Signage","Visitor Information"
"CZ03","Commercial","Information","Traffic Information Signage",""
"L","Land","","",""
"LA","Land","Agricultural - Applicable to land in farm ownership and not run as a separate business enterprise","",""
"LA01","Land","Agricultural - Applicable to land in farm ownership and not run as a separate business enterprise","Grazing Land",""
"LA02","Land","Agricultural - Applicable to land in farm ownership and not run as a separate business enterprise","Permanent Crop / Crop Rotation ",""
"LA02OC","Land","Agricultural - Applicable to land in farm ownership and not run as a separate business enterprise","Permanent Crop / Crop Rotation ","Orchard"
"LB","Land","Ancillary Building","",""
"LB99AV","Land","Ancillary Building","","Aviary / Dovecot / Cage"
"LB99BD","Land","Ancillary Building","","Bandstand"
"LB99PI","Land","Ancillary Building","","Pavilion / Changing Room"
"LB99SV","Land","Ancillary Building","","Sports Viewing Structure"
"LC","Land","Burial Ground","",""
"LC01","Land","Burial Ground","Historic / Disused Cemetery / Graveyard",""
"LD","Land","Development","",""
"LD01","Land","Development","Development Site",""
"LD01CC","Land","Development","Development Site","Commercial Construction Site"
"LD01CO","Land","Development","Development Site","Community Construction Site"
"LD01RN","Land","Development","Development Site","Residential Construction Site"
"LD01TC","Land","Development","Development Site","Transport Construction Site"
"LF","Land","Forestry","",""
"LF02","Land","Forestry","Forest / Arboretum / Pinetum (Managed / Unmanaged)",""
"LF02AU","Land","Forestry","Forest / Arboretum / Pinetum (Managed / Unmanaged)","Arboretum"
"LF03","Land","Forestry","Woodland",""
"LL","Land","Allotment","",""
"LM","Land","Amenity - Open areas not attracting visitors","",""
"LM01","Land","Amenity - Open areas not attracting visitors","Landscaped Roundabout",""
"LM02","Land","Amenity - Open areas not attracting visitors","Verge / Central Reservation",""
"LM02NV","Land","Amenity - Open areas not attracting visitors","Verge / Central Reservation","Natural Central Reservation"
"LM02VE","Land","Amenity - Open areas not attracting visitors","Verge / Central Reservation","Natural Verge"
"LM03","Land","Amenity - Open areas not attracting visitors","Maintained Amenity Land",""
"LM04","Land","Amenity - Open areas not attracting visitors","Maintained Surfaced Area",""
"LM04MV","Land","Amenity - Open areas not attracting visitors","Maintained Surfaced Area","Made Central Reservation"
"LM04PV","Land","Amenity - Open areas not attracting visitors","Maintained Surfaced Area","Pavement"
"LO","Land","Open Space","",""
"LO01","Land","Open Space","Heath / Moorland",""
"LP","Land","Park","",""
"LP01","Land","Park","Public Park / Garden",""
"LP02","Land","Park","Public Open Space / Nature Reserve",""
"LP03","Land","Park","Playground ",""
"LP03PA","Land","Park","Playground ","Play Area"
"LP03PD","Land","Park","Playground ","Paddling Pool"
"LP04","Land","Park","Private Park / Garden",""
"LU","Land","Unused Land","",""
"LU01","Land","Unused Land","Vacant / Derelict Land",""
"LW","Land","Water","",""
"LW01","Land","Water","Lake / Reservoir",""
"LW01BP","Land","Water","Lake / Reservoir","Balancing Pond"
"LW01BV","Land","Water","Lake / Reservoir","Buried Reservoir"
"LW02","Land","Water","Named Pond ",""
"LW02DE","Land","Water","Named Pond ","Dew Pond"
"LW02DP","Land","Water","Named Pond ","Decoy Pond"
"LW02IW","Land","Water","Named Pond ","Static Water"
"LW03","Land","Water","Waterway",""
"LW03LR","Land","Water","Waterway","Leats / Races"
"LW03DR","Land","Water","Waterway","Drain"
"M","Military","","",""
"MA","Military","Army","",""
"MA99AR","Military","Army","","Army Military Range"
"MA99AS","Military","Army","","Army Site"
"MA99AT","Military","Army","","Army Military Training"
"MA99AG","Military","Army","","Army Military Storage"
"MB","Military","Ancillary Building","",""
"MB99TG","Military","Ancillary Building","","Military Target"
"MF","Military","Air Force","",""
"MF99UG","Military","Air Force","","Air Force Military Storage"
"MF99UR","Military","Air Force","","Air Force Military Range"
"MF99US","Military","Air Force","","Air Force Site"
"MF99UT","Military","Air Force","","Air Force Military Training"
"MG","Military","Defence Estates","",""
"MN","Military","Navy","",""
"MN99VG","Military","Navy","","Naval Military Storage"
"MN99VR","Military","Navy","","Naval Military Range"
"MN99VS","Military","Navy","","Naval Site"
"MN99VT","Military","Navy","","Naval Military Training"
"O","Other (Ordnance Survey Only)","","",""
"OA","Other (Ordnance Survey Only)","Aid To Navigation","",""
"OA01","Other (Ordnance Survey Only)","Aid To Navigation","Aid To Aeronautical Navigation",""
"OA01AL","Other (Ordnance Survey Only)","Aid To Navigation","Aid To Aeronautical Navigation","Aeronautical Navigation Beacon / Light"
"OA01LL","Other (Ordnance Survey Only)","Aid To Navigation","Aid To Aeronautical Navigation","Landing Light"
"OA01SQ","Other (Ordnance Survey Only)","Aid To Navigation","Aid To Aeronautical Navigation","Signal Square"
"OA01WK","Other (Ordnance Survey Only)","Aid To Navigation","Aid To Aeronautical Navigation","Wind Sock / Wind Tee"
"OA02","Other (Ordnance Survey Only)","Aid To Navigation","Aid To Nautical Navigation",""
"OA02DM","Other (Ordnance Survey Only)","Aid To Navigation","Aid To Nautical Navigation","Daymark"
"OA02FG","Other (Ordnance Survey Only)","Aid To Navigation","Aid To Nautical Navigation","Fog Horn Warning"
"OA02NL","Other (Ordnance Survey Only)","Aid To Navigation","Aid To Nautical Navigation","Nautical Navigation Beacon / Light"
"OA03","Other (Ordnance Survey Only)","Aid To Navigation","Aid To Road Navigation",""
"OA03GP","Other (Ordnance Survey Only)","Aid To Navigation","Aid To Road Navigation","Guide Post "
"OC","Other (Ordnance Survey Only)","Coastal Protection / Flood Prevention","",""
"OC01","Other (Ordnance Survey Only)","Coastal Protection / Flood Prevention","Boulder Wall / Sea Wall",""
"OC02","Other (Ordnance Survey Only)","Coastal Protection / Flood Prevention","Flood Gate / Flood Sluice Gate / Flood Valve",""
"OC03","Other (Ordnance Survey Only)","Coastal Protection / Flood Prevention","Groyne",""
"OC04","Other (Ordnance Survey Only)","Coastal Protection / Flood Prevention","Rip-Rap",""
"OE","Other (Ordnance Survey Only)","Emergency Support","",""
"OE01","Other (Ordnance Survey Only)","Emergency Support","Beach Office / First Aid Facility",""
"OE02","Other (Ordnance Survey Only)","Emergency Support","Emergency Telephone (Non Motorway)",""
"OE03","Other (Ordnance Survey Only)","Emergency Support","Fire Alarm Structure / Fire Observation Tower / Fire Beater Facility ",""
"OE04","Other (Ordnance Survey Only)","Emergency Support","Emergency Equipment Point / Emergency Siren / Warning Flag",""
"OE05","Other (Ordnance Survey Only)","Emergency Support","Lifeguard Facility",""
"OE06","Other (Ordnance Survey Only)","Emergency Support","LIfe / Belt / Buoy /  Float / Jacket / Safety Rope",""
"OF","Other (Ordnance Survey Only)","Street Furniture","",""
"OG","Other (Ordnance Survey Only)","Agricultural Support Objects","",""
"OG01","Other (Ordnance Survey Only)","Agricultural Support Objects","Fish Ladder / Lock / Pen / Trap",""
"OG02","Other (Ordnance Survey Only)","Agricultural Support Objects","Livestock Pen / Dip",""
"OG03","Other (Ordnance Survey Only)","Agricultural Support Objects","Currick",""
"OG04","Other (Ordnance Survey Only)","Agricultural Support Objects","Slurry Bed / Pit",""
"OH","Other (Ordnance Survey Only)","Historical Site / Object","",""
"OH01","Other (Ordnance Survey Only)","Historical Site / Object","Historic Structure / Object",""
"OI","Other (Ordnance Survey Only)","Industrial Support","",""
"OI01","Other (Ordnance Survey Only)","Industrial Support","Adit / Incline / Level",""
"OI02","Other (Ordnance Survey Only)","Industrial Support","Caisson / Dry Dock / Grid",""
"OI03","Other (Ordnance Survey Only)","Industrial Support","Channel / Conveyor / Conduit / Pipe",""
"OI04","Other (Ordnance Survey Only)","Industrial Support","Chimney / Flue",""
"OI05","Other (Ordnance Survey Only)","Industrial Support","Crane / Hoist / Winch / Material Elevator",""
"OI06","Other (Ordnance Survey Only)","Industrial Support","Flare Stack",""
"OI07","Other (Ordnance Survey Only)","Industrial Support","Hopper / Silo / Cistern / Tank",""
"OI08","Other (Ordnance Survey Only)","Industrial Support","Grab / Skip / Other Industrial Waste Machinery / Discharging",""
"OI09","Other (Ordnance Survey Only)","Industrial Support","Kiln / Oven / Smelter",""
"OI10","Other (Ordnance Survey Only)","Industrial Support","Manhole / Shaft",""
"OI11","Other (Ordnance Survey Only)","Industrial Support","Industrial Overflow / Sluice / Valve / Valve Housing",""
"OI12","Other (Ordnance Survey Only)","Industrial Support","Cooling Tower",""
"OI13","Other (Ordnance Survey Only)","Industrial Support","Solar Panel / Waterwheel ",""
"OI14","Other (Ordnance Survey Only)","Industrial Support","Telephone Pole / Post",""
"OI15","Other (Ordnance Survey Only)","Industrial Support","Electricity Distribution Pole / Pylon",""
"ON","Other (Ordnance Survey Only)","Significant Natural Object","",""
"ON01","Other (Ordnance Survey Only)","Significant Natural Object","Boundary / Significant / Historic Tree / Pollard",""
"ON02","Other (Ordnance Survey Only)","Significant Natural Object","Boundary / Significant Rock / Boulder",""
"ON03","Other (Ordnance Survey Only)","Significant Natural Object","Natural Hole (Blow / Shake / Swallow)",""
"OO","Other (Ordnance Survey Only)","Ornamental / Cultural Object","",""
"OO02","Other (Ordnance Survey Only)","Ornamental / Cultural Object","Mausoleum / Tomb / Grave",""
"OO03","Other (Ordnance Survey Only)","Ornamental / Cultural Object","Simple Ornamental Object",""
"OO04","Other (Ordnance Survey Only)","Ornamental / Cultural Object","Maze",""
"OP","Other (Ordnance Survey Only)","Sport / Leisure Support","",""
"OP01","Other (Ordnance Survey Only)","Sport / Leisure Support","Butt / Hide",""
"OP02","Other (Ordnance Survey Only)","Sport / Leisure Support","Gallop / Ride",""
"OP03","Other (Ordnance Survey Only)","Sport / Leisure Support","Miniature Railway",""
"OR","Other (Ordnance Survey Only)","Royal Mail Infrastructure","",""
"OR01","Other (Ordnance Survey Only)","Royal Mail Infrastructure","Postal Box ",""
"OR02","Other (Ordnance Survey Only)","Royal Mail Infrastructure","Postal Delivery Box / Pouch",""
"OR03","Other (Ordnance Survey Only)","Royal Mail Infrastructure","PO Box",""
"OR04","Other (Ordnance Survey Only)","Royal Mail Infrastructure","Additional Mail / Packet Addressee ",""
"OS","Other (Ordnance Survey Only)","Scientific / Observation Support","",""
"OS01","Other (Ordnance Survey Only)","Scientific / Observation Support","Meteorological Station / Equipment",""
"OS02","Other (Ordnance Survey Only)","Scientific / Observation Support","Radar / Satellite Infrastructure",""
"OS03","Other (Ordnance Survey Only)","Scientific / Observation Support","Telescope / Observation Infrastructure / Astronomy",""
"OT","Other (Ordnance Survey Only)","Transport Support","",""
"OT01","Other (Ordnance Survey Only)","Transport Support","Cattle Grid / Ford",""
"OT02","Other (Ordnance Survey Only)","Transport Support","Elevator / Escalator / Steps",""
"OT03","Other (Ordnance Survey Only)","Transport Support","Footbridge / Walkway",""
"OT04","Other (Ordnance Survey Only)","Transport Support","Pole / Post / Bollard (Restricting Vehicular Access)",""
"OT05","Other (Ordnance Survey Only)","Transport Support","Subway / Underpass",""
"OT06","Other (Ordnance Survey Only)","Transport Support","Customs Inspection Facility",""
"OT07","Other (Ordnance Survey Only)","Transport Support","Lay-By",""
"OT08","Other (Ordnance Survey Only)","Transport Support","Level Crossing",""
"OT09","Other (Ordnance Survey Only)","Transport Support","Mail Pick Up",""
"OT10","Other (Ordnance Survey Only)","Transport Support","Railway Pedestrian Crossing",""
"OT11","Other (Ordnance Survey Only)","Transport Support","Railway Buffer",""
"OT12","Other (Ordnance Survey Only)","Transport Support","Rail Drag",""
"OT13","Other (Ordnance Survey Only)","Transport Support","Rail Infrastructure Services",""
"OT14","Other (Ordnance Survey Only)","Transport Support","Rail Kilometre Distance Marker",""
"OT15","Other (Ordnance Survey Only)","Transport Support","Railway Lighting",""
"OT16","Other (Ordnance Survey Only)","Transport Support","Rail Mile Distance Marker",""
"OT17","Other (Ordnance Survey Only)","Transport Support","Railway Turntable",""
"OT18","Other (Ordnance Survey Only)","Transport Support","Rail Weighbridge",""
"OT19","Other (Ordnance Survey Only)","Transport Support","Rail Signalling",""
"OT20","Other (Ordnance Survey Only)","Transport Support","Railway Traverse",""
"OT21","Other (Ordnance Survey Only)","Transport Support","Goods Tramway",""
"OT22","Other (Ordnance Survey Only)","Transport Support","Road Drag",""
"OT23","Other (Ordnance Survey Only)","Transport Support","Vehicle Dip",""
"OT24","Other (Ordnance Survey Only)","Transport Support","Road Turntable",""
"OT25","Other (Ordnance Survey Only)","Transport Support","Road Mile Distance Marker",""
"OT26","Other (Ordnance Survey Only)","Transport Support","Road Kilometre Distance Marker",""
"OT27","Other (Ordnance Survey Only)","Transport Support","Road Infrastructure Services",""
"OU","Other (Ordnance Survey Only)","Unsupported Site","",""
"OU01","Other (Ordnance Survey Only)","Unsupported Site","Cycle Parking Facility",""
"OU04","Other (Ordnance Survey Only)","Unsupported Site","Picnic / Barbeque Site",""
"OU05","Other (Ordnance Survey Only)","Unsupported Site","Travelling Persons Site",""
"OU08","Other (Ordnance Survey Only)","Unsupported Site","Shelter (Not Including Bus Shelter)",""
"P","Parent Shell","","",""
"PP","Parent Shell","Property Shell","",""
"PS","Parent Shell","Street Record ","",""
"R","Residential","","",""
"RB","Residential","Ancillary Building","",""
"RC","Residential","Car Park Space","",""
"RC01","Residential","Car Park Space","Allocated Parking",""
"RD","Residential","Dwelling","",""
"RD01","Residential","Dwelling","Caravan",""
"RD02","Residential","Dwelling","Detached ",""
"RD03","Residential","Dwelling","Semi-Detached",""
"RD04","Residential","Dwelling","Terraced",""
"RD06","Residential","Dwelling","Self Contained Flat (Includes Maisonette / Apartment)",""
"RD07","Residential","Dwelling","House Boat",""
"RD08","Residential","Dwelling","Sheltered Accommodation",""
"RD10","Residential","Dwelling","Privately Owned Holiday Caravan / Chalet",""
"RG","Residential","Garage","",""
"RG02","Residential","Garage","Lock-Up Garage / Garage Court",""
"RH","Residential","House In Multiple Occupation","",""
"RH01","Residential","House In Multiple Occupation","HMO Parent",""
"RH02","Residential","House In Multiple Occupation","HMO Bedsit / Other Non Self Contained Accommodation",""
"RH03","Residential","House In Multiple Occupation","HMO Not Further Divided",""
"RI","Residential","Residential Institution","",""
"RI01","Residential","Residential Institution","Care / Nursing Home",""
"RI02","Residential","Residential Institution","Communal Residence",""
"RI02NC","Residential","Residential Institution","Communal Residence","Non-Commercial Lodgings"
"RI02RC","Residential","Residential Institution","Communal Residence","Religious Community"
"RI03","Residential","Residential Institution","Residential Education",""
"U","Unclassified","","",""
"UC","Unclassified","Awaiting Classification","",""
"UP","Unclassified","Pending Internal Investigation","",""
"X","Dual Use","","",""
"Z","Object of Interest","","",""
"ZA","Object of Interest","Archaeological Dig Site","",""
"ZM","Object of Interest","Monument","",""
"ZM01","Object of Interest","Monument","Obelisk / Milestone / Standing Stone",""
"ZM01OB","Object of Interest","Monument","Obelisk / Milestone / Standing Stone","Obelisk"
"ZM01ST","Object of Interest","Monument","Obelisk / Milestone / Standing Stone","Standing Stone"
"ZM02","Object of Interest","Monument","Memorial / Market Cross",""
"ZM03","Object of Interest","Monument","Statue",""
"ZM04","Object of Interest","Monument","Castle / Historic Ruin",""
"ZM05","Object of Interest","Monument","Other Structure",""
"ZM05BS","Object of Interest","Monument","Other Structure","Boundary Stone"
"ZM05PN","Object of Interest","Monument","Other Structure","Permanent Art Display / Sculpture"
"ZM05CE","Object of Interest","Monument","Other Structure","Cascade / Fountain"
"ZM05WI","Object of Interest","Monument","Other Structure","Windmill (Inactive)"
"ZS","Object of Interest","Stately Home","",""
"ZU","Object of Interest","Underground Feature","",""
"ZU01","Object of Interest","Underground Feature","Cave",""
"ZU04","Object of Interest","Underground Feature","Pothole / Natural Hole",""
"ZV","Object of Interest","Other Underground Feature","",""
"ZV01","Object of Interest","Other Underground Feature","Cellar",""
"ZV02","Object of Interest","Other Underground Feature","Disused Mine",""
"ZV02MI","Object of Interest","Other Underground Feature","Disused Mine","Mineral Mining / Inactive"
"ZV02OI","Object of Interest","Other Underground Feature","Disused Mine","Oil And / Gas Extraction/ Inactive"
"ZV02QI","Object of Interest","Other Underground Feature","Disused Mine","Mineral Quarrying And / Open Extraction / Inactive"
"ZV03","Object of Interest","Other Underground Feature","Well / Spring",""
"ZV03SG","Object of Interest","Other Underground Feature","Well / Spring","Spring"
"ZV03WL","Object of Interest","Other Underground Feature","Well / Spring","Well"
"ZW","Object of Interest","Place Of Worship","",""
"ZW99AB","Object of Interest","Place Of Worship","","Abbey"
"ZW99CA","Object of Interest","Place Of Worship","","Cathedral"
"ZW99CH","Object of Interest","Place Of Worship","","Church"
"ZW99CP","Object of Interest","Place Of Worship","","Chapel"
"ZW99GU","Object of Interest","Place Of Worship","","Gurdwara"
"ZW99KH","Object of Interest","Place Of Worship","","Kingdom Hall"
"ZW99MQ","Object of Interest","Place Of Worship","","Mosque"
"ZW99MT","Object of Interest","Place Of Worship","","Minster"
"ZW99SU","Object of Interest","Place Of Worship","","Stupa"
"ZW99SY","Object of Interest","Place Of Worship","","Synagogue"
"ZW99TP","Object of Interest","Place Of Worship","","Temple"
"ZW99LG","Object of Interest","Place Of Worship","","Lych Gate "
