"Concatenated","Class_Desc","Primary_Code","Secondary_Code","Tertiary_Code","Quaternary_Code","Primary_Desc","Secondary_Desc","Tertiary_Desc","Quaternary_Desc"
"C","Commercial","C","","","","Commercial","","",""
"CA","Agricultural","C","A","","","Commercial","Agricultural","",""
"CA01","Farm / Non-Residential Associated Building","C","A","01","","Commercial","Agricultural","Farm / Non-Residential Associated Building",""
"CA02","Fishery","C","A","02","","Commercial","Agricultural","Fishery",""
"CA02FF","Fish Farming","C","A","02","FF","Commercial","Agricultural","Fishery","Fish Farming"
"CA02FH","Fish Hatchery","C","A","02","FH","Commercial","Agricultural","Fishery","Fish Hatchery"
"CA02FP","Fish Processing","C","A","02","FP","Commercial","Agricultural","Fishery","Fish Processing"
"CA02OY","Oyster / Mussel Bed","C","A","02","OY","Commercial","Agricultural","Fishery","Oyster / Mussel Bed"
"CA03","Horticulture","C","A","03","","Commercial","Agricultural","Horticulture",""
"CA03SH","Smallholding","C","A","03","SH","Commercial","Agricultural","Horticulture","Smallholding"
"CA03VY","Vineyard","C","A","03","VY","Commercial","Agricultural","Horticulture","Vineyard"
"CA03WB","Watercress Bed","C","A","03","WB","Commercial","Agricultural","Horticulture","Watercress Bed"
"CA04","Slaughter House / Abattoir","C","A","04","","Commercial","Agricultural","Slaughter House / Abattoir",""
"CB","Ancillary Building","C","B","","","Commercial","Ancillary Building","",""
"CC","Community Services","C","C","","","Commercial","Community Services","",""
"CC02","Law Court","C","C","02","","Commercial","Community Services","Law Court",""
"CC03","Prison","C","C","03","","Commercial","Community Services","Prison",""
"CC03HD","HM Detention Centre","C","C","03","HD","Commercial","Community Services","Prison","HM Detention Centre"
"CC03PR","HM Prison Service","C","C","03","PR","Commercial","Community Services","Prison","HM Prison Service"
"CC03SC","Secure Residential Accommodation","C","C","03","SC","Commercial","Community Services","Prison","Secure Residential Accommodation"
"CC04","Public / Village Hall / Other Community Facility","C","C","04","","Commercial","Community Services","Public / Village Hall / Other Community Facility",""
"CC04YR","Youth Recreational / Social Club","C","C","04","YR","Commercial","Community Services","Public / Village Hall / Other Community Facility","Youth Recreational / Social Club"
"CC05","Public Convenience","C","C","05","","Commercial","Community Services","Public Convenience",""
"CC06","Cemetery / Crematorium / Graveyard. In Current Use.","C","C","06","","Commercial","Community Services","Cemetery / Crematorium / Graveyard. In Current Use.",""
"CC06CB","Columbarium","C","C","06","CB","Commercial","Community Services","Cemetery / Crematorium / Graveyard. In Current Use.","Columbarium"
"CC06CR","Chapel Of Rest","C","C","06","CR","Commercial","Community Services","Cemetery / Crematorium / Graveyard. In Current Use.","Chapel Of Rest"
"CC06CN","Crematorium","C","C","06","CN","Commercial","Community Services","Cemetery / Crematorium / Graveyard. In Current Use.","Crematorium"
"CC06CY","Cemetery","C","C","06","CY","Commercial","Community Services","Cemetery / Crematorium / Graveyard. In Current Use.","Cemetery"
"CC06MC","Military Cemetery","C","C","06","MC","Commercial","Community Services","Cemetery / Crematorium / Graveyard. In Current Use.","Military Cemetery"
"CC06MY","Mortuary","C","C","06","MY","Commercial","Community Services","Cemetery / Crematorium / Graveyard. In Current Use.","Mortuary"
"CC07","Church Hall / Religious Meeting Place / Hall","C","C","07","","Commercial","Community Services","Church Hall / Religious Meeting Place / Hall",""
"CC08","Community Service Centre / Office","C","C","08","","Commercial","Community Services","Community Service Centre / Office",""
"CC09","Public Household Waste Recycling Centre (HWRC)","C","C","09","","Commercial","Community Services","Public Household Waste Recycling Centre (HWRC)",""
"CC10","Recycling Site","C","C","10","","Commercial","Community Services","Recycling Site",""
"CC11","CCTV","C","C","11","","Commercial","Community Services","CCTV",""
"CC12","Job Centre","C","C","12","","Commercial","Community Services","Job Centre",""
"CE","Education","C","E","","","Commercial","Education","",""
"CE01","College","C","E","01","","Commercial","Education","College",""
"CE01FE","Further Education","C","E","01","FE","Commercial","Education","College","Further Education"
"CE01HE","Higher Education","C","E","01","HE","Commercial","Education","College","Higher Education"
"CE02","Children’s Nursery / Crèche","C","E","02","","Commercial","Education","Children’s Nursery / Crèche",""
"CE03","Preparatory / First / Primary / Infant / Junior / Middle School","C","E","03","","Commercial","Education","Preparatory / First / Primary / Infant / Junior / Middle School",""
"CE03FS","First School","C","E","03","FS","Commercial","Education","Preparatory / First / Primary / Infant / Junior / Middle School","First School"
"CE03IS","Infant School","C","E","03","IS","Commercial","Education","Preparatory / First / Primary / Infant / Junior / Middle School","Infant School"
"CE03JS","Junior School","C","E","03","JS","Commercial","Education","Preparatory / First / Primary / Infant / Junior / Middle School","Junior School"
"CE03MS","Middle School","C","E","03","MS","Commercial","Education","Preparatory / First / Primary / Infant / Junior / Middle School","Middle School"
"CE03NP","Non State Primary / Preparatory School","C","E","03","NP","Commercial","Education","Preparatory / First / Primary / Infant / Junior / Middle School","Non State Primary / Preparatory School"
"CE03PS","Primary School","C","E","03","PS","Commercial","Education","Preparatory / First / Primary / Infant / Junior / Middle School","Primary School"
"CE04","Secondary / High School","C","E","04","","Commercial","Education","Secondary / High School",""
"CE04NS","Non State Secondary School","C","E","04","NS","Commercial","Education","Secondary / High School","Non State Secondary School"
"CE04SS","Secondary School","C","E","04","SS","Commercial","Education","Secondary / High School","Secondary School"
"CE05","University","C","E","05","","Commercial","Education","University",""
"CE06","Special Needs Establishment.","C","E","06","","Commercial","Education","Special Needs Establishment.",""
"CE07","Other Educational Establishment","C","E","07","","Commercial","Education","Other Educational Establishment",""
"CH","Hotel / Motel / Boarding / Guest House","C","H","","","Commercial","Hotel / Motel / Boarding / Guest House","",""
"CH01","Boarding / Guest House / Bed And Breakfast / Youth Hostel","C","H","01","","Commercial","Hotel / Motel / Boarding / Guest House","Boarding / Guest House / Bed And Breakfast / Youth Hostel",""
"CH01YH","Youth Hostel","C","H","01","YH","Commercial","Hotel / Motel / Boarding / Guest House","Boarding / Guest House / Bed And Breakfast / Youth Hostel","Youth Hostel"
"CH02","Holiday Let/Accomodation/Short-Term Let Other Than CH01","C","H","02","","Commercial","Hotel / Motel / Boarding / Guest House","Holiday Let/Accomodation/Short-Term Let Other Than CH01",""
"CH03","Hotel/Motel","C","H","03","","Commercial","Hotel / Motel / Boarding / Guest House","Hotel/Motel",""
"CI","Industrial Applicable to manufacturing, engineering, maintenance, storage / wholesale distribution and extraction sites","C","I","","","Commercial","Industrial Applicable to manufacturing, engineering, maintenance, storage / wholesale distribution and extraction sites","",""
"CI01","Factory/Manufacturing","C","I","01","","Commercial","Industrial Applicable to manufacturing, engineering, maintenance, storage / wholesale distribution and extraction sites","Factory/Manufacturing",""
"CI01AW","Aircraft Works","C","I","01","AW","Commercial","Industrial Applicable to manufacturing, engineering, maintenance, storage / wholesale distribution and extraction sites","Factory/Manufacturing","Aircraft Works"
"CI01BB","Boat Building","C","I","01","BB","Commercial","Industrial Applicable to manufacturing, engineering, maintenance, storage / wholesale distribution and extraction sites","Factory/Manufacturing","Boat Building"
"CI01BR","Brick Works","C","I","01","BR","Commercial","Industrial Applicable to manufacturing, engineering, maintenance, storage / wholesale distribution and extraction sites","Factory/Manufacturing","Brick Works"
"CI01BW","Brewery","C","I","01","BW","Commercial","Industrial Applicable to manufacturing, engineering, maintenance, storage / wholesale distribution and extraction sites","Factory/Manufacturing","Brewery"
"CI01CD","Cider Manufacture","C","I","01","CD","Commercial","Industrial Applicable to manufacturing, engineering, maintenance, storage / wholesale distribution and extraction sites","Factory/Manufacturing","Cider Manufacture"
"CI01CM","Chemical Works","C","I","01","CM","Commercial","Industrial Applicable to manufacturing, engineering, maintenance, storage / wholesale distribution and extraction sites","Factory/Manufacturing","Chemical Works"
"CI01CW","Cement Works","C","I","01","CW","Commercial","Industrial Applicable to manufacturing, engineering, maintenance, storage / wholesale distribution and extraction sites","Factory/Manufacturing","Cement Works"
"CI01DA","Dairy Processing","C","I","01","DA","Commercial","Industrial Applicable to manufacturing, engineering, maintenance, storage / wholesale distribution and extraction sites","Factory/Manufacturing","Dairy Processing"
"CI01DY","Distillery","C","I","01","DY","Commercial","Industrial Applicable to manufacturing, engineering, maintenance, storage / wholesale distribution and extraction sites","Factory/Manufacturing","Distillery"
"CI01FL","Flour Mill","C","I","01","FL","Commercial","Industrial Applicable to manufacturing, engineering, maintenance, storage / wholesale distribution and extraction sites","Factory/Manufacturing","Flour Mill"
"CI01FO","Food Processing","C","I","01","FO","Commercial","Industrial Applicable to manufacturing, engineering, maintenance, storage / wholesale distribution and extraction sites","Factory/Manufacturing","Food Processing"
"CI01GW","Glassworks","C","I","01","GW","Commercial","Industrial Applicable to manufacturing, engineering, maintenance, storage / wholesale distribution and extraction sites","Factory/Manufacturing","Glassworks"
"CI01MG","Manufacturing","C","I","01","MG","Commercial","Industrial Applicable to manufacturing, engineering, maintenance, storage / wholesale distribution and extraction sites","Factory/Manufacturing","Manufacturing"
"CI01OH","Oast House","C","I","01","OH","Commercial","Industrial Applicable to manufacturing, engineering, maintenance, storage / wholesale distribution and extraction sites","Factory/Manufacturing","Oast House"
"CI01OR","Oil Refining","C","I","01","OR","Commercial","Industrial Applicable to manufacturing, engineering, maintenance, storage / wholesale distribution and extraction sites","Factory/Manufacturing","Oil Refining"
"CI01PG","Pottery Manufacturing","C","I","01","PG","Commercial","Industrial Applicable to manufacturing, engineering, maintenance, storage / wholesale distribution and extraction sites","Factory/Manufacturing","Pottery Manufacturing"
"CI01PM","Paper Mill","C","I","01","PM","Commercial","Industrial Applicable to manufacturing, engineering, maintenance, storage / wholesale distribution and extraction sites","Factory/Manufacturing","Paper Mill"
"CI01PW","Printing Works","C","I","01","PW","Commercial","Industrial Applicable to manufacturing, engineering, maintenance, storage / wholesale distribution and extraction sites","Factory/Manufacturing","Printing Works"
"CI01YD","Shipyard","C","I","01","YD","Commercial","Industrial Applicable to manufacturing, engineering, maintenance, storage / wholesale distribution and extraction sites","Factory/Manufacturing","Shipyard"
"CI01SR","Sugar Refinery","C","I","01","SR","Commercial","Industrial Applicable to manufacturing, engineering, maintenance, storage / wholesale distribution and extraction sites","Factory/Manufacturing","Sugar Refinery"
"CI01SW","Steel Works","C","I","01","SW","Commercial","Industrial Applicable to manufacturing, engineering, maintenance, storage / wholesale distribution and extraction sites","Factory/Manufacturing","Steel Works"
"CI01TL","Timber Mill","C","I","01","TL","Commercial","Industrial Applicable to manufacturing, engineering, maintenance, storage / wholesale distribution and extraction sites","Factory/Manufacturing","Timber Mill"
"CI01WN","Winery","C","I","01","WN","Commercial","Industrial Applicable to manufacturing, engineering, maintenance, storage / wholesale distribution and extraction sites","Factory/Manufacturing","Winery"
"CI02","Mineral / Ore Working / Quarry / Mine","C","I","02","","Commercial","Industrial Applicable to manufacturing, engineering, maintenance, storage / wholesale distribution and extraction sites","Mineral / Ore Working / Quarry / Mine",""
"CI02MA","Mineral Mining / Active","C","I","02","MA","Commercial","Industrial Applicable to manufacturing, engineering, maintenance, storage / wholesale distribution and extraction sites","Mineral / Ore Working / Quarry / Mine","Mineral Mining / Active"
"CI02MD","Mineral Distribution / Storage","C","I","02","MD","Commercial","Industrial Applicable to manufacturing, engineering, maintenance, storage / wholesale distribution and extraction sites","Mineral / Ore Working / Quarry / Mine","Mineral Distribution / Storage"
"CI02MP","Mineral Processing","C","I","02","MP","Commercial","Industrial Applicable to manufacturing, engineering, maintenance, storage / wholesale distribution and extraction sites","Mineral / Ore Working / Quarry / Mine","Mineral Processing"
"CI02OA","Oil / Gas Extraction / Active","C","I","02","OA","Commercial","Industrial Applicable to manufacturing, engineering, maintenance, storage / wholesale distribution and extraction sites","Mineral / Ore Working / Quarry / Mine","Oil / Gas Extraction / Active"
"CI02QA","Mineral Quarrying / Open Extraction / Active","C","I","02","QA","Commercial","Industrial Applicable to manufacturing, engineering, maintenance, storage / wholesale distribution and extraction sites","Mineral / Ore Working / Quarry / Mine","Mineral Quarrying / Open Extraction / Active"
"CI03","Workshop / Light Industrial","C","I","03","","Commercial","Industrial Applicable to manufacturing, engineering, maintenance, storage / wholesale distribution and extraction sites","Workshop / Light Industrial",""
"CI03GA","Servicing Garage","C","I","03","GA","Commercial","Industrial Applicable to manufacturing, engineering, maintenance, storage / wholesale distribution and extraction sites","Workshop / Light Industrial","Servicing Garage"
"CI04","Warehouse / Store / Storage Depot","C","I","04","","Commercial","Industrial Applicable to manufacturing, engineering, maintenance, storage / wholesale distribution and extraction sites","Warehouse / Store / Storage Depot",""
"CI04CS","Crop Handling / Storage","C","I","04","CS","Commercial","Industrial Applicable to manufacturing, engineering, maintenance, storage / wholesale distribution and extraction sites","Warehouse / Store / Storage Depot","Crop Handling / Storage"
"CI04PL","Postal Sorting / Distribution","C","I","04","PL","Commercial","Industrial Applicable to manufacturing, engineering, maintenance, storage / wholesale distribution and extraction sites","Warehouse / Store / Storage Depot","Postal Sorting / Distribution"
"CI04SO","Solid Fuel Storage","C","I","04","SO","Commercial","Industrial Applicable to manufacturing, engineering, maintenance, storage / wholesale distribution and extraction sites","Warehouse / Store / Storage Depot","Solid Fuel Storage"
"CI04TS","Timber Storage","C","I","04","TS","Commercial","Industrial Applicable to manufacturing, engineering, maintenance, storage / wholesale distribution and extraction sites","Warehouse / Store / Storage Depot","Timber Storage"
"CI05","Wholesale Distribution","C","I","05","","Commercial","Industrial Applicable to manufacturing, engineering, maintenance, storage / wholesale distribution and extraction sites","Wholesale Distribution",""
"CI05SF","Solid Fuel Distribution","C","I","05","SF","Commercial","Industrial Applicable to manufacturing, engineering, maintenance, storage / wholesale distribution and extraction sites","Wholesale Distribution","Solid Fuel Distribution"
"CI05TD","Timber Distribution","C","I","05","TD","Commercial","Industrial Applicable to manufacturing, engineering, maintenance, storage / wholesale distribution and extraction sites","Wholesale Distribution","Timber Distribution"
"CI06","Recycling Plant","C","I","06","","Commercial","Industrial Applicable to manufacturing, engineering, maintenance, storage / wholesale distribution and extraction sites","Recycling Plant",""
"CI07","Incinerator / Waste Transfer Station","C","I","07","","Commercial","Industrial Applicable to manufacturing, engineering, maintenance, storage / wholesale distribution and extraction sites","Incinerator / Waste Transfer Station",""
"CI08","Maintenance Depot","C","I","08","","Commercial","Industrial Applicable to manufacturing, engineering, maintenance, storage / wholesale distribution and extraction sites","Maintenance Depot",""
"CL","Leisure - Applicable to recreational sites and enterprises","C","L","","","Commercial","Leisure - Applicable to recreational sites and enterprises","",""
"CL01","Amusements","C","L","01","","Commercial","Leisure - Applicable to recreational sites and enterprises","Amusements",""
"CL01LP","Leisure Pier","C","L","01","LP","Commercial","Leisure - Applicable to recreational sites and enterprises","Amusements","Leisure Pier"
"CL02","Holiday / Campsite","C","L","02","","Commercial","Leisure - Applicable to recreational sites and enterprises","Holiday / Campsite",""
"CL02CG","Camping","C","L","02","CG","Commercial","Leisure - Applicable to recreational sites and enterprises","Holiday / Campsite","Camping"
"CL02CV","Caravanning","C","L","02","CV","Commercial","Leisure - Applicable to recreational sites and enterprises","Holiday / Campsite","Caravanning"
"CL02HA","Holiday Accommodation","C","L","02","HA","Commercial","Leisure - Applicable to recreational sites and enterprises","Holiday / Campsite","Holiday Accommodation"
"CL02HO","Holiday Centre","C","L","02","HO","Commercial","Leisure - Applicable to recreational sites and enterprises","Holiday / Campsite","Holiday Centre"
"CL02YC","Youth Organisation Camp","C","L","02","YC","Commercial","Leisure - Applicable to recreational sites and enterprises","Holiday / Campsite","Youth Organisation Camp"
"CL03","Library","C","L","03","","Commercial","Leisure - Applicable to recreational sites and enterprises","Library",""
"CL03RR","Reading Room","C","L","03","RR","Commercial","Leisure - Applicable to recreational sites and enterprises","Library","Reading Room"
"CL04","Museum / Gallery","C","L","04","","Commercial","Leisure - Applicable to recreational sites and enterprises","Museum / Gallery",""
"CL04AC","Art Centre / Gallery","C","L","04","AC","Commercial","Leisure - Applicable to recreational sites and enterprises","Museum / Gallery","Art Centre / Gallery"
"CL04AM","Aviation Museum","C","L","04","AM","Commercial","Leisure - Applicable to recreational sites and enterprises","Museum / Gallery","Aviation Museum"
"CL04HG","Heritage Centre","C","L","04","HG","Commercial","Leisure - Applicable to recreational sites and enterprises","Museum / Gallery","Heritage Centre"
"CL04IM","Industrial Museum","C","L","04","IM","Commercial","Leisure - Applicable to recreational sites and enterprises","Museum / Gallery","Industrial Museum"
"CL04MM","Military Museum","C","L","04","MM","Commercial","Leisure - Applicable to recreational sites and enterprises","Museum / Gallery","Military Museum"
"CL04SM","Science Museum","C","L","04","SM","Commercial","Leisure - Applicable to recreational sites and enterprises","Museum / Gallery","Science Museum"
"CL04TM","Transport Museum","C","L","04","TM","Commercial","Leisure - Applicable to recreational sites and enterprises","Museum / Gallery","Transport Museum"
"CL04NM","Maritime Museum","C","L","04","NM","Commercial","Leisure - Applicable to recreational sites and enterprises","Museum / Gallery","Maritime Museum"
"CL06","Indoor / Outdoor Leisure / Sporting Activity / Centre","C","L","06","","Commercial","Leisure - Applicable to recreational sites and enterprises","Indoor / Outdoor Leisure / Sporting Activity / Centre",""
"CL06AH","Athletics Facility","C","L","06","AH","Commercial","Leisure - Applicable to recreational sites and enterprises","Indoor / Outdoor Leisure / Sporting Activity / Centre","Athletics Facility"
"CL06BF","Bowls Facility","C","L","06","BF","Commercial","Leisure - Applicable to recreational sites and enterprises","Indoor / Outdoor Leisure / Sporting Activity / Centre","Bowls Facility"
"CL06CK","Cricket Facility","C","L","06","CK","Commercial","Leisure - Applicable to recreational sites and enterprises","Indoor / Outdoor Leisure / Sporting Activity / Centre","Cricket Facility"
"CL06CU","Curling Facility","C","L","06","CU","Commercial","Leisure - Applicable to recreational sites and enterprises","Indoor / Outdoor Leisure / Sporting Activity / Centre","Curling Facility"
"CL06YF","Cycling Sports Facility","C","L","06","YF","Commercial","Leisure - Applicable to recreational sites and enterprises","Indoor / Outdoor Leisure / Sporting Activity / Centre","Cycling Sports Facility"
"CL06DS","Diving / Swimming Facility","C","L","06","DS","Commercial","Leisure - Applicable to recreational sites and enterprises","Indoor / Outdoor Leisure / Sporting Activity / Centre","Diving / Swimming Facility"
"CL06EQ","Equestrian Sports Facility","C","L","06","EQ","Commercial","Leisure - Applicable to recreational sites and enterprises","Indoor / Outdoor Leisure / Sporting Activity / Centre","Equestrian Sports Facility"
"CL06FB","Football Facility","C","L","06","FB","Commercial","Leisure - Applicable to recreational sites and enterprises","Indoor / Outdoor Leisure / Sporting Activity / Centre","Football Facility"
"CL06FI","Fishing / Angling Facility","C","L","06","FI","Commercial","Leisure - Applicable to recreational sites and enterprises","Indoor / Outdoor Leisure / Sporting Activity / Centre","Fishing / Angling Facility"
"CL06GF","Golf Facility","C","L","06","GF","Commercial","Leisure - Applicable to recreational sites and enterprises","Indoor / Outdoor Leisure / Sporting Activity / Centre","Golf Facility"
"CL06GL","Gliding Facility","C","L","06","GL","Commercial","Leisure - Applicable to recreational sites and enterprises","Indoor / Outdoor Leisure / Sporting Activity / Centre","Gliding Facility"
"CL06GR","Greyhound Racing Facility","C","L","06","GR","Commercial","Leisure - Applicable to recreational sites and enterprises","Indoor / Outdoor Leisure / Sporting Activity / Centre","Greyhound Racing Facility"
"CL06HF","Hockey Facility","C","L","06","HF","Commercial","Leisure - Applicable to recreational sites and enterprises","Indoor / Outdoor Leisure / Sporting Activity / Centre","Hockey Facility"
"CL06HR","Horse Racing Facility","C","L","06","HR","Commercial","Leisure - Applicable to recreational sites and enterprises","Indoor / Outdoor Leisure / Sporting Activity / Centre","Horse Racing Facility"
"CL06HV","Historic Vessel / Aircraft / Vehicle","C","L","06","HV","Commercial","Leisure - Applicable to recreational sites and enterprises","Indoor / Outdoor Leisure / Sporting Activity / Centre","Historic Vessel / Aircraft / Vehicle"
"CL06LS","Activity / Leisure / Sports Centre","C","L","06","LS","Commercial","Leisure - Applicable to recreational sites and enterprises","Indoor / Outdoor Leisure / Sporting Activity / Centre","Activity / Leisure / Sports Centre"
"CL06ME","Model Sports Facility","C","L","06","ME","Commercial","Leisure - Applicable to recreational sites and enterprises","Indoor / Outdoor Leisure / Sporting Activity / Centre","Model Sports Facility"
"CL06MF","Motor Sports Facility","C","L","06","MF","Commercial","Leisure - Applicable to recreational sites and enterprises","Indoor / Outdoor Leisure / Sporting Activity / Centre","Motor Sports Facility"
"CL06PF","Playing Field","C","L","06","PF","Commercial","Leisure - Applicable to recreational sites and enterprises","Indoor / Outdoor Leisure / Sporting Activity / Centre","Playing Field"
"CL06QS","Racquet Sports Facility","C","L","06","QS","Commercial","Leisure - Applicable to recreational sites and enterprises","Indoor / Outdoor Leisure / Sporting Activity / Centre","Racquet Sports Facility"
"CL06RF","Rugby Facility","C","L","06","RF","Commercial","Leisure - Applicable to recreational sites and enterprises","Indoor / Outdoor Leisure / Sporting Activity / Centre","Rugby Facility"
"CL06RG","Recreation Ground","C","L","06","RG","Commercial","Leisure - Applicable to recreational sites and enterprises","Indoor / Outdoor Leisure / Sporting Activity / Centre","Recreation Ground"
"CL06SI","Shinty Facility","C","L","06","SI","Commercial","Leisure - Applicable to recreational sites and enterprises","Indoor / Outdoor Leisure / Sporting Activity / Centre","Shinty Facility"
"CL06SK","Skateboarding Facility","C","L","06","SK","Commercial","Leisure - Applicable to recreational sites and enterprises","Indoor / Outdoor Leisure / Sporting Activity / Centre","Skateboarding Facility"
"CL06SX","Civilian Firing Facility","C","L","06","SX","Commercial","Leisure - Applicable to recreational sites and enterprises","Indoor / Outdoor Leisure / Sporting Activity / Centre","Civilian Firing Facility"
"CL06TB","Tenpin Bowling Facility","C","L","06","TB","Commercial","Leisure - Applicable to recreational sites and enterprises","Indoor / Outdoor Leisure / Sporting Activity / Centre","Tenpin Bowling Facility"
"CL06TN","Public Tennis Court","C","L","06","TN","Commercial","Leisure - Applicable to recreational sites and enterprises","Indoor / Outdoor Leisure / Sporting Activity / Centre","Public Tennis Court"
"CL06WA","Water Sports Facility","C","L","06","WA","Commercial","Leisure - Applicable to recreational sites and enterprises","Indoor / Outdoor Leisure / Sporting Activity / Centre","Water Sports Facility"
"CL06WP","Winter Sports Facility","C","L","06","WP","Commercial","Leisure - Applicable to recreational sites and enterprises","Indoor / Outdoor Leisure / Sporting Activity / Centre","Winter Sports Facility"
"CL06WY","Wildlife Sports Facility","C","L","06","WY","Commercial","Leisure - Applicable to recreational sites and enterprises","Indoor / Outdoor Leisure / Sporting Activity / Centre","Wildlife Sports Facility"
"CL07","Bingo Hall / Cinema / Conference / Exhibition Centre / Theatre / Concert Hall","C","L","07","","Commercial","Leisure - Applicable to recreational sites and enterprises","Bingo Hall / Cinema / Conference / Exhibition Centre / Theatre / Concert Hall",""
"CL07TH","Theatre","C","L","07","TH","Commercial","Leisure - Applicable to recreational sites and enterprises","Bingo Hall / Cinema / Conference / Exhibition Centre / Theatre / Concert Hall","Theatre"
"CL07CI","Cinema","C","L","07","CI","Commercial","Leisure - Applicable to recreational sites and enterprises","Bingo Hall / Cinema / Conference / Exhibition Centre / Theatre / Concert Hall","Cinema"
"CL07EN","Entertainment Complex","C","L","07","EN","Commercial","Leisure - Applicable to recreational sites and enterprises","Bingo Hall / Cinema / Conference / Exhibition Centre / Theatre / Concert Hall","Entertainment Complex"
"CL07EX","Conference / Exhibition Centre","C","L","07","EX","Commercial","Leisure - Applicable to recreational sites and enterprises","Bingo Hall / Cinema / Conference / Exhibition Centre / Theatre / Concert Hall","Conference / Exhibition Centre"
"CL08","Zoo / Theme Park","C","L","08","","Commercial","Leisure - Applicable to recreational sites and enterprises","Zoo / Theme Park",""
"CL08AK","Amusement Park","C","L","08","AK","Commercial","Leisure - Applicable to recreational sites and enterprises","Zoo / Theme Park","Amusement Park"
"CL08MX","Model Village Site","C","L","08","MX","Commercial","Leisure - Applicable to recreational sites and enterprises","Zoo / Theme Park","Model Village Site"
"CL08WZ","Wildlife / Zoological Park","C","L","08","WZ","Commercial","Leisure - Applicable to recreational sites and enterprises","Zoo / Theme Park","Wildlife / Zoological Park"
"CL08AQ","Aquatic Attraction","C","L","08","AQ","Commercial","Leisure - Applicable to recreational sites and enterprises","Zoo / Theme Park","Aquatic Attraction"
"CL09","Beach Hut (Recreational, Non-Residential Use Only)","C","L","09","","Commercial","Leisure - Applicable to recreational sites and enterprises","Beach Hut (Recreational, Non-Residential Use Only)",""
"CL10","Licensed Private Members’ Club","C","L","10","","Commercial","Leisure - Applicable to recreational sites and enterprises","Licensed Private Members’ Club",""
"CL10RE","Recreational / Social Club","C","L","10","RE","Commercial","Leisure - Applicable to recreational sites and enterprises","Licensed Private Members’ Club","Recreational / Social Club"
"CL11","Arena / Stadium","C","L","11","","Commercial","Leisure - Applicable to recreational sites and enterprises","Arena / Stadium",""
"CL11SD","Stadium","C","L","11","SD","Commercial","Leisure - Applicable to recreational sites and enterprises","Arena / Stadium","Stadium"
"CL11SJ","Showground","C","L","11","SJ","Commercial","Leisure - Applicable to recreational sites and enterprises","Arena / Stadium","Showground"
"CM","Medical","C","M","","","Commercial","Medical","",""
"CM01","Dentist","C","M","01","","Commercial","Medical","Dentist",""
"CM02","General Practice Surgery / Clinic","C","M","02","","Commercial","Medical","General Practice Surgery / Clinic",""
"CM02HL","Health Care Services","C","M","02","HL","Commercial","Medical","General Practice Surgery / Clinic","Health Care Services"
"CM02HC","Health Centre","C","M","02","HC","Commercial","Medical","General Practice Surgery / Clinic","Health Centre"
"CM03","Hospital / Hospice","C","M","03","","Commercial","Medical","Hospital / Hospice",""
"CM03HI","Hospice","C","M","03","HI","Commercial","Medical","Hospital / Hospice","Hospice"
"CM03HP","Hospital","C","M","03","HP","Commercial","Medical","Hospital / Hospice","Hospital"
"CM04","Medical / Testing / Research Laboratory","C","M","04","","Commercial","Medical","Medical / Testing / Research Laboratory",""
"CM05","Professional Medical Service","C","M","05","","Commercial","Medical","Professional Medical Service",""
"CM05ZS","Assessment / Development Services","C","M","05","ZS","Commercial","Medical","Professional Medical Service","Assessment / Development Services"
"CN","Animal Centre","C","N","","","Commercial","Animal Centre","",""
"CN01","Cattery / Kennel","C","N","01","","Commercial","Animal Centre","Cattery / Kennel",""
"CN02","Animal Services","C","N","02","","Commercial","Animal Centre","Animal Services",""
"CN02AX","Animal Quarantining","C","N","02","AX","Commercial","Animal Centre","Animal Services","Animal Quarantining"
"CN03","Equestrian","C","N","03","","Commercial","Animal Centre","Equestrian",""
"CN03HB","Horse Racing / Breeding Stable","C","N","03","HB","Commercial","Animal Centre","Equestrian","Horse Racing / Breeding Stable"
"CN03SB","Commercial Stabling / Riding","C","N","03","SB","Commercial","Animal Centre","Equestrian","Commercial Stabling / Riding"
"CN04","Vet / Animal Medical Treatment","C","N","04","","Commercial","Animal Centre","Vet / Animal Medical Treatment",""
"CN05","Animal / Bird / Marine Sanctuary","C","N","05","","Commercial","Animal Centre","Animal / Bird / Marine Sanctuary",""
"CN05AN","Animal Sanctuary","C","N","05","AN","Commercial","Animal Centre","Animal / Bird / Marine Sanctuary","Animal Sanctuary"
"CN05MR","Marine Sanctuary","C","N","05","MR","Commercial","Animal Centre","Animal / Bird / Marine Sanctuary","Marine Sanctuary"
"CO","Office","C","O","","","Commercial","Office","",""
"CO01","Office / Work Studio","C","O","01","","Commercial","Office","Office / Work Studio",""
"CO01EM","Embassy /, High Commission / Consulate","C","O","01","EM","Commercial","Office","Office / Work Studio","Embassy /, High Commission / Consulate"
"CO01FM","Film Studio","C","O","01","FM","Commercial","Office","Office / Work Studio","Film Studio"
"CO01GV","Central Government Service","C","O","01","GV","Commercial","Office","Office / Work Studio","Central Government Service"
"CO01LG","Local Government Service","C","O","01","LG","Commercial","Office","Office / Work Studio","Local Government Service"
"CO02","Broadcasting (TV / Radio)","C","O","02","","Commercial","Office","Broadcasting (TV / Radio)",""
"CR","Retail","C","R","","","Commercial","Retail","",""
"CR01","Bank / Financial Service","C","R","01","","Commercial","Retail","Bank / Financial Service",""
"CR02","Retail Service Agent","C","R","02","","Commercial","Retail","Retail Service Agent",""
"CR02PO","Post Office","C","R","02","PO","Commercial","Retail","Retail Service Agent","Post Office"
"CR04","Market (Indoor / Outdoor)","C","R","04","","Commercial","Retail","Market (Indoor / Outdoor)",""
"CR04FK","Fish Market","C","R","04","FK","Commercial","Retail","Market (Indoor / Outdoor)","Fish Market"
"CR04FV","Fruit / Vegetable Market","C","R","04","FV","Commercial","Retail","Market (Indoor / Outdoor)","Fruit / Vegetable Market"
"CR04LV","Livestock Market","C","R","04","LV","Commercial","Retail","Market (Indoor / Outdoor)","Livestock Market"
"CR05","Petrol Filling Station","C","R","05","","Commercial","Retail","Petrol Filling Station",""
"CR06","Public House / Bar / Nightclub","C","R","06","","Commercial","Retail","Public House / Bar / Nightclub",""
"CR07","Restaurant / Cafeteria","C","R","07","","Commercial","Retail","Restaurant / Cafeteria",""
"CR08","Shop / Showroom","C","R","08","","Commercial","Retail","Shop / Showroom",""
"CR08GC","Garden Centre","C","R","08","GC","Commercial","Retail","Shop / Showroom","Garden Centre"
"CR09","Other Licensed Premise / Vendor","C","R","09","","Commercial","Retail","Other Licensed Premise / Vendor",""
"CR10","Fast Food Outlet / Takeaway (Hot / Cold)","C","R","10","","Commercial","Retail","Fast Food Outlet / Takeaway (Hot / Cold)",""
"CR11","Automated Teller Machine (ATM)","C","R","11","","Commercial","Retail","Automated Teller Machine (ATM)",""
"CS","Storage Land","C","S","","","Commercial","Storage Land","",""
"CS01","General Storage Land","C","S","01","","Commercial","Storage Land","General Storage Land",""
"CS02","Builders’ Yard","C","S","02","","Commercial","Storage Land","Builders’ Yard",""
"CT","Transport","C","T","","","Commercial","Transport","",""
"CT01","Airfield / Airstrip / Airport / Air Transport Infrastructure Facility","C","T","01","","Commercial","Transport","Airfield / Airstrip / Airport / Air Transport Infrastructure Facility",""
"CT01AF","Airfield","C","T","01","AF","Commercial","Transport","Airfield / Airstrip / Airport / Air Transport Infrastructure Facility","Airfield"
"CT01AY","Air Passenger Terminal","C","T","01","AY","Commercial","Transport","Airfield / Airstrip / Airport / Air Transport Infrastructure Facility","Air Passenger Terminal"
"CT01AI","Air Transport Infrastructure Services","C","T","01","AI","Commercial","Transport","Airfield / Airstrip / Airport / Air Transport Infrastructure Facility","Air Transport Infrastructure Services"
"CT01AP","Airport","C","T","01","AP","Commercial","Transport","Airfield / Airstrip / Airport / Air Transport Infrastructure Facility","Airport"
"CT01HS","Helicopter Station","C","T","01","HS","Commercial","Transport","Airfield / Airstrip / Airport / Air Transport Infrastructure Facility","Helicopter Station"
"CT01HT","Heliport / Helipad","C","T","01","HT","Commercial","Transport","Airfield / Airstrip / Airport / Air Transport Infrastructure Facility","Heliport / Helipad"
"CT02","Bus Shelter","C","T","02","","Commercial","Transport","Bus Shelter",""
"CT03","Car / Coach / Commercial Vehicle / Taxi Parking / Park And Ride Site","C","T","03","","Commercial","Transport","Car / Coach / Commercial Vehicle / Taxi Parking / Park And Ride Site",""
"CT03PK","Public Park And Ride","C","T","03","PK","Commercial","Transport","Car / Coach / Commercial Vehicle / Taxi Parking / Park And Ride Site","Public Park And Ride"
"CT03PP","Public Car Parking","C","T","03","PP","Commercial","Transport","Car / Coach / Commercial Vehicle / Taxi Parking / Park And Ride Site","Public Car Parking"
"CT03PU","Public Coach Parking","C","T","03","PU","Commercial","Transport","Car / Coach / Commercial Vehicle / Taxi Parking / Park And Ride Site","Public Coach Parking"
"CT03VP","Public Commercial Vehicle Parking","C","T","03","VP","Commercial","Transport","Car / Coach / Commercial Vehicle / Taxi Parking / Park And Ride Site","Public Commercial Vehicle Parking"
"CT04","Goods Freight Handling / Terminal","C","T","04","","Commercial","Transport","Goods Freight Handling / Terminal",""
"CT04AE","Air Freight Terminal","C","T","04","AE","Commercial","Transport","Goods Freight Handling / Terminal","Air Freight Terminal"
"CT04CF","Container Freight","C","T","04","CF","Commercial","Transport","Goods Freight Handling / Terminal","Container Freight"
"CT04RH","Road Freight Transport","C","T","04","RH","Commercial","Transport","Goods Freight Handling / Terminal","Road Freight Transport"
"CT04RT","Rail Freight Transport","C","T","04","RT","Commercial","Transport","Goods Freight Handling / Terminal","Rail Freight Transport"
"CT05","Marina","C","T","05","","Commercial","Transport","Marina",""
"CT06","Mooring","C","T","06","","Commercial","Transport","Mooring",""
"CT07","Railway Asset","C","T","07","","Commercial","Transport","Railway Asset",""
"CT08","Station / Interchange / Terminal / Halt","C","T","08","","Commercial","Transport","Station / Interchange / Terminal / Halt",""
"CT08BC","Bus / Coach Station","C","T","08","BC","Commercial","Transport","Station / Interchange / Terminal / Halt","Bus / Coach Station"
"CT08RS","Railway Station","C","T","08","RS","Commercial","Transport","Station / Interchange / Terminal / Halt","Railway Station"
"CT08VH","Vehicular Rail Terminal","C","T","08","VH","Commercial","Transport","Station / Interchange / Terminal / Halt","Vehicular Rail Terminal"
"CT09","Transport Track / Way","C","T","09","","Commercial","Transport","Transport Track / Way",""
"CT09CL","Cliff Railway","C","T","09","CL","Commercial","Transport","Transport Track / Way","Cliff Railway"
"CT09CX","Chair Lift / Cable Car / Ski Tow","C","T","09","CX","Commercial","Transport","Transport Track / Way","Chair Lift / Cable Car / Ski Tow"
"CT09MO","Monorail","C","T","09","MO","Commercial","Transport","Transport Track / Way","Monorail"
"CT10","Vehicle Storage","C","T","10","","Commercial","Transport","Vehicle Storage",""
"CT10BG","Boat Storage","C","T","10","BG","Commercial","Transport","Vehicle Storage","Boat Storage"
"CT10BU","Bus / Coach Depot","C","T","10","BU","Commercial","Transport","Vehicle Storage","Bus / Coach Depot"
"CT11","Transport Related Infrastructure","C","T","11","","Commercial","Transport","Transport Related Infrastructure",""
"CT11AD","Aqueduct","C","T","11","AD","Commercial","Transport","Transport Related Infrastructure","Aqueduct"
"CT11LK","Lock","C","T","11","LK","Commercial","Transport","Transport Related Infrastructure","Lock"
"CT11WE","Weir","C","T","11","WE","Commercial","Transport","Transport Related Infrastructure","Weir"
"CT11WG","Weighbridge / Load Gauge","C","T","11","WG","Commercial","Transport","Transport Related Infrastructure","Weighbridge / Load Gauge"
"CT12","Overnight Lorry Park","C","T","12","","Commercial","Transport","Overnight Lorry Park",""
"CT13","Harbour / Port / Dock / Dockyard / Slipway / Landing Stage / Pier / Jetty / Pontoon / Terminal / Berthing / Quay","C","T","13","","Commercial","Transport","Harbour / Port / Dock / Dockyard / Slipway / Landing Stage / Pier / Jetty / Pontoon / Terminal / Berthing / Quay",""
"CT13FR","Passenger Ferry Terminal","C","T","13","FR","Commercial","Transport","Harbour / Port / Dock / Dockyard / Slipway / Landing Stage / Pier / Jetty / Pontoon / Terminal / Berthing / Quay","Passenger Ferry Terminal"
"CT13NB","Non-Tanker Nautical Berthing","C","T","13","NB","Commercial","Transport","Harbour / Port / Dock / Dockyard / Slipway / Landing Stage / Pier / Jetty / Pontoon / Terminal / Berthing / Quay","Non-Tanker Nautical Berthing"
"CT13NF","Nautical Refuelling Facility","C","T","13","NF","Commercial","Transport","Harbour / Port / Dock / Dockyard / Slipway / Landing Stage / Pier / Jetty / Pontoon / Terminal / Berthing / Quay","Nautical Refuelling Facility"
"CT13SA","Slipway","C","T","13","SA","Commercial","Transport","Harbour / Port / Dock / Dockyard / Slipway / Landing Stage / Pier / Jetty / Pontoon / Terminal / Berthing / Quay","Slipway"
"CT13SP","Ship Passenger Terminal","C","T","13","SP","Commercial","Transport","Harbour / Port / Dock / Dockyard / Slipway / Landing Stage / Pier / Jetty / Pontoon / Terminal / Berthing / Quay","Ship Passenger Terminal"
"CT13TK","Tanker Berthing","C","T","13","TK","Commercial","Transport","Harbour / Port / Dock / Dockyard / Slipway / Landing Stage / Pier / Jetty / Pontoon / Terminal / Berthing / Quay","Tanker Berthing"
"CT13VF","Vehicular Ferry Terminal","C","T","13","VF","Commercial","Transport","Harbour / Port / Dock / Dockyard / Slipway / Landing Stage / Pier / Jetty / Pontoon / Terminal / Berthing / Quay","Vehicular Ferry Terminal"
"CU","Utility","C","U","","","Commercial","Utility","",""
"CU01","Electricity Sub-Station","C","U","01","","Commercial","Utility","Electricity Sub-Station",""
"CU02","Landfill","C","U","02","","Commercial","Utility","Landfill",""
"CU03","Power Station / Energy Production","C","U","03","","Commercial","Utility","Power Station / Energy Production",""
"CU03ED","Electricity Distribution Facility","C","U","03","ED","Commercial","Utility","Power Station / Energy Production","Electricity Distribution Facility"
"CU03EP","Electricity Production Facility","C","U","03","EP","Commercial","Utility","Power Station / Energy Production","Electricity Production Facility"
"CU03WF","Wind Farm","C","U","03","WF","Commercial","Utility","Power Station / Energy Production","Wind Farm"
"CU03WU","Wind Turbine","C","U","03","WU","Commercial","Utility","Power Station / Energy Production","Wind Turbine"
"CU04","Pump House / Pumping Station / Water Tower","C","U","04","","Commercial","Utility","Pump House / Pumping Station / Water Tower",""
"CU04WC","Water Controlling / Pumping","C","U","04","WC","Commercial","Utility","Pump House / Pumping Station / Water Tower","Water Controlling / Pumping"
"CU04WD","Water Distribution / Pumping","C","U","04","WD","Commercial","Utility","Pump House / Pumping Station / Water Tower","Water Distribution / Pumping"
"CU04WM","Water Quality Monitoring","C","U","04","WM","Commercial","Utility","Pump House / Pumping Station / Water Tower","Water Quality Monitoring"
"CU04WS","Water Storage","C","U","04","WS","Commercial","Utility","Pump House / Pumping Station / Water Tower","Water Storage"
"CU04WW","Waste Water Distribution / Pumping","C","U","04","WW","Commercial","Utility","Pump House / Pumping Station / Water Tower","Waste Water Distribution / Pumping"
"CU06","Telecommunication","C","U","06","","Commercial","Utility","Telecommunication",""
"CU06TE","Telecommunications Mast","C","U","06","TE","Commercial","Utility","Telecommunication","Telecommunications Mast"
"CU06TX","Telephone Exchange","C","U","06","TX","Commercial","Utility","Telecommunication","Telephone Exchange"
"CU07","Water / Waste Water / Sewage Treatment Works","C","U","07","","Commercial","Utility","Water / Waste Water / Sewage Treatment Works",""
"CU07WR","Waste Water Treatment","C","U","07","WR","Commercial","Utility","Water / Waste Water / Sewage Treatment Works","Waste Water Treatment"
"CU07WT","Water Treatment","C","U","07","WT","Commercial","Utility","Water / Waste Water / Sewage Treatment Works","Water Treatment"
"CU08","Gas / Oil Storage / Distribution","C","U","08","","Commercial","Utility","Gas / Oil Storage / Distribution",""
"CU08GG","Gas Governor","C","U","08","GG","Commercial","Utility","Gas / Oil Storage / Distribution","Gas Governor"
"CU08GH","Gas Holder","C","U","08","GH","Commercial","Utility","Gas / Oil Storage / Distribution","Gas Holder"
"CU08OT","Oil Terminal","C","U","08","OT","Commercial","Utility","Gas / Oil Storage / Distribution","Oil Terminal"
"CU09","Other Utility Use","C","U","09","","Commercial","Utility","Other Utility Use",""
"CU09OV","Observatory","C","U","09","OV","Commercial","Utility","Other Utility Use","Observatory"
"CU09RA","Radar Station","C","U","09","RA","Commercial","Utility","Other Utility Use","Radar Station"
"CU09SE","Satellite Earth Station","C","U","09","SE","Commercial","Utility","Other Utility Use","Satellite Earth Station"
"CU09CQ","Cable Terminal Station","C","U","09","CQ","Commercial","Utility","Other Utility Use","Cable Terminal Station"
"CU10","Waste Management","C","U","10","","Commercial","Utility","Waste Management",""
"CU11","Telephone Box","C","U","11","","Commercial","Utility","Telephone Box",""
"CU11OP","Other Public Telephones","C","U","11","OP","Commercial","Utility","Telephone Box","Other Public Telephones"
"CU12","Dam","C","U","12","","Commercial","Utility","Dam",""
"CX","Emergency / Rescue Service","C","X","","","Commercial","Emergency / Rescue Service","",""
"CX01","Police / Transport Police / Station","C","X","01","","Commercial","Emergency / Rescue Service","Police / Transport Police / Station",""
"CX01PT","Police Training","C","X","01","PT","Commercial","Emergency / Rescue Service","Police / Transport Police / Station","Police Training"
"CX02","Fire Station","C","X","02","","Commercial","Emergency / Rescue Service","Fire Station",""
"CX02FT","Fire Service Training","C","X","02","FT","Commercial","Emergency / Rescue Service","Fire Station","Fire Service Training"
"CX03","Ambulance Station","C","X","03","","Commercial","Emergency / Rescue Service","Ambulance Station",""
"CX03AA","Air Sea Rescue / Air Ambulance","C","X","03","AA","Commercial","Emergency / Rescue Service","Ambulance Station","Air Sea Rescue / Air Ambulance"
"CX04","Lifeboat Services / Station","C","X","04","","Commercial","Emergency / Rescue Service","Lifeboat Services / Station",""
"CX05","Coastguard Rescue / Lookout / Station","C","X","05","","Commercial","Emergency / Rescue Service","Coastguard Rescue / Lookout / Station",""
"CX06","Mountain Rescue Station","C","X","06","","Commercial","Emergency / Rescue Service","Mountain Rescue Station",""
"CX07","Lighthouse","C","X","07","","Commercial","Emergency / Rescue Service","Lighthouse",""
"CX08","Police Box / Kiosk","C","X","08","","Commercial","Emergency / Rescue Service","Police Box / Kiosk",""
"CZ","Information","C","Z","","","Commercial","Information","",""
"CZ01","Advertising Hoarding","C","Z","01","","Commercial","Information","Advertising Hoarding",""
"CZ02","Tourist Information Signage","C","Z","02","","Commercial","Information","Tourist Information Signage",""
"CZ02VI","Visitor Information","C","Z","02","VI","Commercial","Information","Tourist Information Signage","Visitor Information"
"CZ03","Traffic Information Signage","C","Z","03","","Commercial","Information","Traffic Information Signage",""
"L","Land","L","","","","Land","","",""
"LA","Agricultural - Applicable to land in farm ownership and not run as a separate business enterprise","L","A","","","Land","Agricultural - Applicable to land in farm ownership and not run as a separate business enterprise","",""
"LA01","Grazing Land","L","A","01","","Land","Agricultural - Applicable to land in farm ownership and not run as a separate business enterprise","Grazing Land",""
"LA02","Permanent Crop / Crop Rotation","L","A","02","","Land","Agricultural - Applicable to land in farm ownership and not run as a separate business enterprise","Permanent Crop / Crop Rotation",""
"LA02OC","Orchard","L","A","02","OC","Land","Agricultural - Applicable to land in farm ownership and not run as a separate business enterprise","Permanent Crop / Crop Rotation","Orchard"
"LB","Ancillary Building","L","B","","","Land","Ancillary Building","",""
"LB99AV","Aviary / Dovecot / Cage","L","B","99","AV","Land","Ancillary Building","","Aviary / Dovecot / Cage"
"LB99BD","Bandstand","L","B","99","BD","Land","Ancillary Building","","Bandstand"
"LB99PI","Pavilion / Changing Room","L","B","99","PI","Land","Ancillary Building","","Pavilion / Changing Room"
"LB99SV","Sports Viewing Structure","L","B","99","SV","Land","Ancillary Building","","Sports Viewing Structure"
"LC","Burial Ground","L","C","","","Land","Burial Ground","",""
"LC01","Historic / Disused Cemetery / Graveyard","L","C","01","","Land","Burial Ground","Historic / Disused Cemetery / Graveyard",""
"LD","Development","L","D","","","Land","Development","",""
"LD01","Development Site","L","D","01","","Land","Development","Development Site",""
"LD01CC","Commercial Construction Site","L","D","01","CC","Land","Development","Development Site","Commercial Construction Site"
"LD01CO","Community Construction Site","L","D","01","CO","Land","Development","Development Site","Community Construction Site"
"LD01RN","Residential Construction Site","L","D","01","RN","Land","Development","Development Site","Residential Construction Site"
"LD01TC","Transport Construction Site","L","D","01","TC","Land","Development","Development Site","Transport Construction Site"
"LF","Forestry","L","F","","","Land","Forestry","",""
"LF02","Forest / Arboretum / Pinetum (Managed / Unmanaged)","L","F","02","","Land","Forestry","Forest / Arboretum / Pinetum (Managed / Unmanaged)",""
"LF02AU","Arboretum","L","F","02","AU","Land","Forestry","Forest / Arboretum / Pinetum (Managed / Unmanaged)","Arboretum"
"LF03","Woodland","L","F","03","","Land","Forestry","Woodland",""
"LL","Allotment","L","L","","","Land","Allotment","",""
"LM","Amenity - Open areas not attracting visitors","L","M","","","Land","Amenity - Open areas not attracting visitors","",""
"LM01","Landscaped Roundabout","L","M","01","","Land","Amenity - Open areas not attracting visitors","Landscaped Roundabout",""
"LM02","Verge / Central Reservation","L","M","02","","Land","Amenity - Open areas not attracting visitors","Verge / Central Reservation",""
"LM02NV","Natural Central Reservation","L","M","02","NV","Land","Amenity - Open areas not attracting visitors","Verge / Central Reservation","Natural Central Reservation"
"LM02VE","Natural Verge","L","M","02","VE","Land","Amenity - Open areas not attracting visitors","Verge / Central Reservation","Natural Verge"
"LM03","Maintained Amenity Land","L","M","03","","Land","Amenity - Open areas not attracting visitors","Maintained Amenity Land",""
"LM04","Maintained Surfaced Area","L","M","04","","Land","Amenity - Open areas not attracting visitors","Maintained Surfaced Area",""
"LM04MV","Made Central Reservation","L","M","04","MV","Land","Amenity - Open areas not attracting visitors","Maintained Surfaced Area","Made Central Reservation"
"LM04PV","Pavement","L","M","04","PV","Land","Amenity - Open areas not attracting visitors","Maintained Surfaced Area","Pavement"
"LO","Open Space","L","O","","","Land","Open Space","",""
"LO01","Heath / Moorland","L","O","01","","Land","Open Space","Heath / Moorland",""
"LP","Park","L","P","","","Land","Park","",""
"LP01","Public Park / Garden","L","P","01","","Land","Park","Public Park / Garden",""
"LP02","Public Open Space / Nature Reserve","L","P","02","","Land","Park","Public Open Space / Nature Reserve",""
"LP03","Playground","L","P","03","","Land","Park","Playground",""
"LP03PA","Play Area","L","P","03","PA","Land","Park","Playground","Play Area"
"LP03PD","Paddling Pool","L","P","03","PD","Land","Park","Playground","Paddling Pool"
"LP04","Private Park / Garden","L","P","04","","Land","Park","Private Park / Garden",""
"LU","Unused Land","L","U","","","Land","Unused Land","",""
"LU01","Vacant / Derelict Land","L","U","01","","Land","Unused Land","Vacant / Derelict Land",""
"LW","Water","L","W","","","Land","Water","",""
"LW01","Lake / Reservoir","L","W","01","","Land","Water","Lake / Reservoir",""
"LW01BP","Balancing Pond","L","W","01","BP","Land","Water","Lake / Reservoir","Balancing Pond"
"LW01BV","Buried Reservoir","L","W","01","BV","Land","Water","Lake / Reservoir","Buried Reservoir"
"LW02","Named Pond","L","W","02","","Land","Water","Named Pond",""
"LW02DE","Dew Pond","L","W","02","DE","Land","Water","Named Pond","Dew Pond"
"LW02DP","Decoy Pond","L","W","02","DP","Land","Water","Named Pond","Decoy Pond"
"LW02IW","Static Water","L","W","02","IW","Land","Water","Named Pond","Static Water"
"LW03","Waterway","L","W","03","","Land","Water","Waterway",""
"LW03LR","Leats / Races","L","W","03","LR","Land","Water","Waterway","Leats / Races"
"LW03DR","Drain","L","W","03","DR","Land","Water","Waterway","Drain"
"M","Military","M","","","","Military","","",""
"MA","Army","M","A","","","Military","Army","",""
"MA99AR","Army Military Range","M","A","99","AR","Military","Army","","Army Military Range"
"MA99AS","Army Site","M","A","99","AS","Military","Army","","Army Site"
"MA99AT","Army Military Training","M","A","99","AT","Military","Army","","Army Military Training"
"MA99AG","Army Military Storage","M","A","99","AG","Military","Army","","Army Military Storage"
"MB","Ancillary Building","M","B","","","Military","Ancillary Building","",""
"MB99TG","Military Target","M","B","99","TG","Military","Ancillary Building","","Military Target"
"MF","Air Force","M","F","","","Military","Air Force","",""
"MF99UG","Air Force Military Storage","M","F","99","UG","Military","Air Force","","Air Force Military Storage"
"MF99UR","Air Force Military Range","M","F","99","UR","Military","Air Force","","Air Force Military Range"
"MF99US","Air Force Site","M","F","99","US","Military","Air Force","","Air Force Site"
"MF99UT","Air Force Military Training","M","F","99","UT","Military","Air Force","","Air Force Military Training"
"MG","Defence Estates","M","G","","","Military","Defence Estates","",""
"MN","Navy","M","N","","","Military","Navy","",""
"MN99VG","Naval Military Storage","M","N","99","VG","Military","Navy","","Naval Military Storage"
"MN99VR","Naval Military Range","M","N","99","VR","Military","Navy","","Naval Military Range"
"MN99VS","Naval Site","M","N","99","VS","Military","Navy","","Naval Site"
"MN99VT","Naval Military Training","M","N","99","VT","Military","Navy","","Naval Military Training"
"O","Other (Ordnance Survey Only)","O","","","","Other (Ordnance Survey Only)","","",""
"OA","Aid To Navigation","O","A","","","Other (Ordnance Survey Only)","Aid To Navigation","",""
"OA01","Aid To Aeronautical Navigation","O","A","01","","Other (Ordnance Survey Only)","Aid To Navigation","Aid To Aeronautical Navigation",""
"OA01AL","Aeronautical Navigation Beacon / Light","O","A","01","AL","Other (Ordnance Survey Only)","Aid To Navigation","Aid To Aeronautical Navigation","Aeronautical Navigation Beacon / Light"
"OA01LL","Landing Light","O","A","01","LL","Other (Ordnance Survey Only)","Aid To Navigation","Aid To Aeronautical Navigation","Landing Light"
"OA01SQ","Signal Square","O","A","01","SQ","Other (Ordnance Survey Only)","Aid To Navigation","Aid To Aeronautical Navigation","Signal Square"
"OA01WK","Wind Sock / Wind Tee","O","A","01","WK","Other (Ordnance Survey Only)","Aid To Navigation","Aid To Aeronautical Navigation","Wind Sock / Wind Tee"
"OA02","Aid To Nautical Navigation","O","A","02","","Other (Ordnance Survey Only)","Aid To Navigation","Aid To Nautical Navigation",""
"OA02DM","Daymark","O","A","02","DM","Other (Ordnance Survey Only)","Aid To Navigation","Aid To Nautical Navigation","Daymark"
"OA02FG","Fog Horn Warning","O","A","02","FG","Other (Ordnance Survey Only)","Aid To Navigation","Aid To Nautical Navigation","Fog Horn Warning"
"OA02NL","Nautical Navigation Beacon / Light","O","A","02","NL","Other (Ordnance Survey Only)","Aid To Navigation","Aid To Nautical Navigation","Nautical Navigation Beacon / Light"
"OA03","Aid To Road Navigation","O","A","03","","Other (Ordnance Survey Only)","Aid To Navigation","Aid To Road Navigation",""
"OA03GP","Guide Post","O","A","03","GP","Other (Ordnance Survey Only)","Aid To Navigation","Aid To Road Navigation","Guide Post"
"OC","Coastal Protection / Flood Prevention","O","C","","","Other (Ordnance Survey Only)","Coastal Protection / Flood Prevention","",""
"OC01","Boulder Wall / Sea Wall","O","C","01","","Other (Ordnance Survey Only)","Coastal Protection / Flood Prevention","Boulder Wall / Sea Wall",""
"OC02","Flood Gate / Flood Sluice Gate / Flood Valve","O","C","02","","Other (Ordnance Survey Only)","Coastal Protection / Flood Prevention","Flood Gate / Flood Sluice Gate / Flood Valve",""
"OC03","Groyne","O","C","03","","Other (Ordnance Survey Only)","Coastal Protection / Flood Prevention","Groyne",""
"OC04","Rip-Rap","O","C","04","","Other (Ordnance Survey Only)","Coastal Protection / Flood Prevention","Rip-Rap",""
"OE","Emergency Support","O","E","","","Other (Ordnance Survey Only)","Emergency Support","",""
"OE01","Beach Office / First Aid Facility","O","E","01","","Other (Ordnance Survey Only)","Emergency Support","Beach Office / First Aid Facility",""
"OE02","Emergency Telephone (Non Motorway)","O","E","02","","Other (Ordnance Survey Only)","Emergency Support","Emergency Telephone (Non Motorway)",""
"OE03","Fire Alarm Structure / Fire Observation Tower / Fire Beater Facility","O","E","03","","Other (Ordnance Survey Only)","Emergency Support","Fire Alarm Structure / Fire Observation Tower / Fire Beater Facility",""
"OE04","Emergency Equipment Point / Emergency Siren / Warning Flag","O","E","04","","Other (Ordnance Survey Only)","Emergency Support","Emergency Equipment Point / Emergency Siren / Warning Flag",""
"OE05","Lifeguard Facility","O","E","05","","Other (Ordnance Survey Only)","Emergency Support","Lifeguard Facility",""
"OE06","LIfe / Belt / Buoy / Float / Jacket / Safety Rope","O","E","06","","Other (Ordnance Survey Only)","Emergency Support","LIfe / Belt / Buoy / Float / Jacket / Safety Rope",""
"OF","Street Furniture","O","F","","","Other (Ordnance Survey Only)","Street Furniture","",""
"OG","Agricultural Support Objects","O","G","","","Other (Ordnance Survey Only)","Agricultural Support Objects","",""
"OG01","Fish Ladder / Lock / Pen / Trap","O","G","01","","Other (Ordnance Survey Only)","Agricultural Support Objects","Fish Ladder / Lock / Pen / Trap",""
"OG02","Livestock Pen / Dip","O","G","02","","Other (Ordnance Survey Only)","Agricultural Support Objects","Livestock Pen / Dip",""
"OG03","Currick","O","G","03","","Other (Ordnance Survey Only)","Agricultural Support Objects","Currick",""
"OG04","Slurry Bed / Pit","O","G","04","","Other (Ordnance Survey Only)","Agricultural Support Objects","Slurry Bed / Pit",""
"OH","Historical Site / Object","O","H","","","Other (Ordnance Survey Only)","Historical Site / Object","",""
"OH01","Historic Structure / Object","O","H","01","","Other (Ordnance Survey Only)","Historical Site / Object","Historic Structure / Object",""
"OI","Industrial Support","O","I","","","Other (Ordnance Survey Only)","Industrial Support","",""
"OI01","Adit / Incline / Level","O","I","01","","Other (Ordnance Survey Only)","Industrial Support","Adit / Incline / Level",""
"OI02","Caisson / Dry Dock / Grid","O","I","02","","Other (Ordnance Survey Only)","Industrial Support","Caisson / Dry Dock / Grid",""
"OI03","Channel / Conveyor / Conduit / Pipe","O","I","03","","Other (Ordnance Survey Only)","Industrial Support","Channel / Conveyor / Conduit / Pipe",""
"OI04","Chimney / Flue","O","I","04","","Other (Ordnance Survey Only)","Industrial Support","Chimney / Flue",""
"OI05","Crane / Hoist / Winch / Material Elevator","O","I","05","","Other (Ordnance Survey Only)","Industrial Support","Crane / Hoist / Winch / Material Elevator",""
"OI06","Flare Stack","O","I","06","","Other (Ordnance Survey Only)","Industrial Support","Flare Stack",""
"OI07","Hopper / Silo / Cistern / Tank","O","I","07","","Other (Ordnance Survey Only)","Industrial Support","Hopper / Silo / Cistern / Tank",""
"OI08","Grab / Skip / Other Industrial Waste Machinery / Discharging","O","I","08","","Other (Ordnance Survey Only)","Industrial Support","Grab / Skip / Other Industrial Waste Machinery / Discharging",""
"OI09","Kiln / Oven / Smelter","O","I","09","","Other (Ordnance Survey Only)","Industrial Support","Kiln / Oven / Smelter",""
"OI10","Manhole / Shaft","O","I","10","","Other (Ordnance Survey Only)","Industrial Support","Manhole / Shaft",""
"OI11","Industrial Overflow / Sluice / Valve / Valve Housing","O","I","11","","Other (Ordnance Survey Only)","Industrial Support","Industrial Overflow / Sluice / Valve / Valve Housing",""
"OI12","Cooling Tower","O","I","12","","Other (Ordnance Survey Only)","Industrial Support","Cooling Tower",""
"OI13","Solar Panel / Waterwheel","O","I","13","","Other (Ordnance Survey Only)","Industrial Support","Solar Panel / Waterwheel",""
"OI14","Telephone Pole / Post","O","I","14","","Other (Ordnance Survey Only)","Industrial Support","Telephone Pole / Post",""
"OI15","Electricity Distribution Pole / Pylon","O","I","15","","Other (Ordnance Survey Only)","Industrial Support","Electricity Distribution Pole / Pylon",""
"ON","Significant Natural Object","O","N","","","Other (Ordnance Survey Only)","Significant Natural Object","",""
"ON01","Boundary / Significant / Historic Tree / Pollard","O","N","01","","Other (Ordnance Survey Only)","Significant Natural Object","Boundary / Significant / Historic Tree / Pollard",""
"ON02","Boundary / Significant Rock / Boulder","O","N","02","","Other (Ordnance Survey Only)","Significant Natural Object","Boundary / Significant Rock / Boulder",""
"ON03","Natural Hole (Blow / Shake / Swallow)","O","N","03","","Other (Ordnance Survey Only)","Significant Natural Object","Natural Hole (Blow / Shake / Swallow)",""
"OO","Ornamental / Cultural Object","O","O","","","Other (Ordnance Survey Only)","Ornamental / Cultural Object","",""
"OO02","Mausoleum / Tomb / Grave","O","O","02","","Other (Ordnance Survey Only)","Ornamental / Cultural Object","Mausoleum / Tomb / Grave",""
"OO03","Simple Ornamental Object","O","O","03","","Other (Ordnance Survey Only)","Ornamental / Cultural Object","Simple Ornamental Object",""
"OO04","Maze","O","O","04","","Other (Ordnance Survey Only)","Ornamental / Cultural Object","Maze",""
"OP","Sport / Leisure Support","O","P","","","Other (Ordnance Survey Only)","Sport / Leisure Support","",""
"OP01","Butt / Hide","O","P","01","","Other (Ordnance Survey Only)","Sport / Leisure Support","Butt / Hide",""
"OP02","Gallop / Ride","O","P","02","","Other (Ordnance Survey Only)","Sport / Leisure Support","Gallop / Ride",""
"OP03","Miniature Railway","O","P","03","","Other (Ordnance Survey Only)","Sport / Leisure Support","Miniature Railway",""
"OR","Royal Mail Infrastructure","O","R","","","Other (Ordnance Survey Only)","Royal Mail Infrastructure","",""
"OR01","Postal Box","O","R","01","","Other (Ordnance Survey Only)","Royal Mail Infrastructure","Postal Box",""
"OR02","Postal Delivery Box / Pouch","O","R","02","","Other (Ordnance Survey Only)","Royal Mail Infrastructure","Postal Delivery Box / Pouch",""
"OR03","PO Box","O","R","03","","Other (Ordnance Survey Only)","Royal Mail Infrastructure","PO Box",""
"OR04","Additional Mail / Packet Addressee","O","R","04","","Other (Ordnance Survey Only)","Royal Mail Infrastructure","Additional Mail / Packet Addressee",""
"OS","Scientific / Observation Support","O","S","","","Other (Ordnance Survey Only)","Scientific / Observation Support","",""
"OS01","Meteorological Station / Equipment","O","S","01","","Other (Ordnance Survey Only)","Scientific / Observation Support","Meteorological Station / Equipment",""
"OS02","Radar / Satellite Infrastructure","O","S","02","","Other (Ordnance Survey Only)","Scientific / Observation Support","Radar / Satellite Infrastructure",""
"OS03","Telescope / Observation Infrastructure / Astronomy","O","S","03","","Other (Ordnance Survey Only)","Scientific / Observation Support","Telescope / Observation Infrastructure / Astronomy",""
"OT","Transport Support","O","T","","","Other (Ordnance Survey Only)","Transport Support","",""
"OT01","Cattle Grid / Ford","O","T","01","","Other (Ordnance Survey Only)","Transport Support","Cattle Grid / Ford",""
"OT02","Elevator / Escalator / Steps","O","T","02","","Other (Ordnance Survey Only)","Transport Support","Elevator / Escalator / Steps",""
"OT03","Footbridge / Walkway","O","T","03","","Other (Ordnance Survey Only)","Transport Support","Footbridge / Walkway",""
"OT04","Pole / Post / Bollard (Restricting Vehicular Access)","O","T","04","","Other (Ordnance Survey Only)","Transport Support","Pole / Post / Bollard (Restricting Vehicular Access)",""
"OT05","Subway / Underpass","O","T","05","","Other (Ordnance Survey Only)","Transport Support","Subway / Underpass",""
"OT06","Customs Inspection Facility","O","T","06","","Other (Ordnance Survey Only)","Transport Support","Customs Inspection Facility",""
"OT07","Lay-By","O","T","07","","Other (Ordnance Survey Only)","Transport Support","Lay-By",""
"OT08","Level Crossing","O","T","08","","Other (Ordnance Survey Only)","Transport Support","Level Crossing",""
"OT09","Mail Pick Up","O","T","09","","Other (Ordnance Survey Only)","Transport Support","Mail Pick Up",""
"OT10","Railway Pedestrian Crossing","O","T","10","","Other (Ordnance Survey Only)","Transport Support","Railway Pedestrian Crossing",""
"OT11","Railway Buffer","O","T","11","","Other (Ordnance Survey Only)","Transport Support","Railway Buffer",""
"OT12","Rail Drag","O","T","12","","Other (Ordnance Survey Only)","Transport Support","Rail Drag",""
"OT13","Rail Infrastructure Services","O","T","13","","Other (Ordnance Survey Only)","Transport Support","Rail Infrastructure Services",""
"OT14","Rail Kilometre Distance Marker","O","T","14","","Other (Ordnance Survey Only)","Transport Support","Rail Kilometre Distance Marker",""
"OT15","Railway Lighting","O","T","15","","Other (Ordnance Survey Only)","Transport Support","Railway Lighting",""
"OT16","Rail Mile Distance Marker","O","T","16","","Other (Ordnance Survey Only)","Transport Support","Rail Mile Distance Marker",""
"OT17","Railway Turntable","O","T","17","","Other (Ordnance Survey Only)","Transport Support","Railway Turntable",""
"OT18","Rail Weighbridge","O","T","18","","Other (Ordnance Survey Only)","Transport Support","Rail Weighbridge",""
"OT19","Rail Signalling","O","T","19","","Other (Ordnance Survey Only)","Transport Support","Rail Signalling",""
"OT20","Railway Traverse","O","T","20","","Other (Ordnance Survey Only)","Transport Support","Railway Traverse",""
"OT21","Goods Tramway","O","T","21","","Other (Ordnance Survey Only)","Transport Support","Goods Tramway",""
"OT22","Road Drag","O","T","22","","Other (Ordnance Survey Only)","Transport Support","Road Drag",""
"OT23","Vehicle Dip","O","T","23","","Other (Ordnance Survey Only)","Transport Support","Vehicle Dip",""
"OT24","Road Turntable","O","T","24","","Other (Ordnance Survey Only)","Transport Support","Road Turntable",""
"OT25","Road Mile Distance Marker","O","T","25","","Other (Ordnance Survey Only)","Transport Support","Road Mile Distance Marker",""
"OT26","Road Kilometre Distance Marker","O","T","26","","Other (Ordnance Survey Only)","Transport Support","Road Kilometre Distance Marker",""
"OT27","Road Infrastructure Services","O","T","27","","Other (Ordnance Survey Only)","Transport Support","Road Infrastructure Services",""
"OU","Unsupported Site","O","U","","","Other (Ordnance Survey Only)","Unsupported Site","",""
"OU01","Cycle Parking Facility","O","U","01","","Other (Ordnance Survey Only)","Unsupported Site","Cycle Parking Facility",""
"OU04","Picnic / Barbeque Site","O","U","04","","Other (Ordnance Survey Only)","Unsupported Site","Picnic / Barbeque Site",""
"OU05","Travelling Persons Site","O","U","05","","Other (Ordnance Survey Only)","Unsupported Site","Travelling Persons Site",""
"OU08","Shelter (Not Including Bus Shelter)","O","U","08","","Other (Ordnance Survey Only)","Unsupported Site","Shelter (Not Including Bus Shelter)",""
"P","Parent Shell","P","","","","Parent Shell","","",""
"PP","Property Shell","P","P","","","Parent Shell","Property Shell","",""
"PS","Street Record","P","S","","","Parent Shell","Street Record","",""
"R","Residential","R","","","","Residential","","",""
"RB","Ancillary Building","R","B","","","Residential","Ancillary Building","",""
"RC","Car Park Space","R","C","","","Residential","Car Park Space","",""
"RC01","Allocated Parking","R","C","01","","Residential","Car Park Space","Allocated Parking",""
"RD","Dwelling","R","D","","","Residential","Dwelling","",""
"RD01","Caravan","R","D","01","","Residential","Dwelling","Caravan",""
"RD02","Detached","R","D","02","","Residential","Dwelling","Detached",""
"RD03","Semi-Detached","R","D","03","","Residential","Dwelling","Semi-Detached",""
"RD04","Terraced","R","D","04","","Residential","Dwelling","Terraced",""
"RD06","Self Contained Flat (Includes Maisonette / Apartment)","R","D","06","","Residential","Dwelling","Self Contained Flat (Includes Maisonette / Apartment)",""
"RD07","House Boat","R","D","07","","Residential","Dwelling","House Boat",""
"RD08","Sheltered Accommodation","R","D","08","","Residential","Dwelling","Sheltered Accommodation",""
"RD10","Privately Owned Holiday Caravan / Chalet","R","D","10","","Residential","Dwelling","Privately Owned Holiday Caravan / Chalet",""
"RG","Garage","R","G","","","Residential","Garage","",""
"RG02","Lock-Up Garage / Garage Court","R","G","02","","Residential","Garage","Lock-Up Garage / Garage Court",""
"RH","House In Multiple Occupation","R","H","","","Residential","House In Multiple Occupation","",""
"RH01","HMO Parent","R","H","01","","Residential","House In Multiple Occupation","HMO Parent",""
"RH02","HMO Bedsit / Other Non Self Contained Accommodation","R","H","02","","Residential","House In Multiple Occupation","HMO Bedsit / Other Non Self Contained Accommodation",""
"RH03","HMO Not Further Divided","R","H","03","","Residential","House In Multiple Occupation","HMO Not Further Divided",""
"RI","Residential Institution","R","I","","","Residential","Residential Institution","",""
"RI01","Care / Nursing Home","R","I","01","","Residential","Residential Institution","Care / Nursing Home",""
"RI02","Communal Residence","R","I","02","","Residential","Residential Institution","Communal Residence",""
"RI02NC","Non-Commercial Lodgings","R","I","02","NC","Residential","Residential Institution","Communal Residence","Non-Commercial Lodgings"
"RI02RC","Religious Community","R","I","02","RC","Residential","Residential Institution","Communal Residence","Religious Community"
"RI03","Residential Education","R","I","03","","Residential","Residential Institution","Residential Education",""
"U","Unclassified","U","","","","Unclassified","","",""
"UC","Awaiting Classification","U","C","","","Unclassified","Awaiting Classification","",""
"UP","Pending Internal Investigation","U","P","","","Unclassified","Pending Internal Investigation","",""
"X","Dual Use","X","","","","Dual Use","","",""
"Z","Object of Interest","Z","","","","Object of Interest","","",""
"ZA","Archaeological Dig Site","Z","A","","","Object of Interest","Archaeological Dig Site","",""
"ZM","Monument","Z","M","","","Object of Interest","Monument","",""
"ZM01","Obelisk / Milestone / Standing Stone","Z","M","01","","Object of Interest","Monument","Obelisk / Milestone / Standing Stone",""
"ZM01OB","Obelisk","Z","M","01","OB","Object of Interest","Monument","Obelisk / Milestone / Standing Stone","Obelisk"
"ZM01ST","Standing Stone","Z","M","01","ST","Object of Interest","Monument","Obelisk / Milestone / Standing Stone","Standing Stone"
"ZM02","Memorial / Market Cross","Z","M","02","","Object of Interest","Monument","Memorial / Market Cross",""
"ZM03","Statue","Z","M","03","","Object of Interest","Monument","Statue",""
"ZM04","Castle / Historic Ruin","Z","M","04","","Object of Interest","Monument","Castle / Historic Ruin",""
"ZM05","Other Structure","Z","M","05","","Object of Interest","Monument","Other Structure",""
"ZM05BS","Boundary Stone","Z","M","05","BS","Object of Interest","Monument","Other Structure","Boundary Stone"
"ZM05PN","Permanent Art Display / Sculpture","Z","M","05","PN","Object of Interest","Monument","Other Structure","Permanent Art Display / Sculpture"
"ZM05CE","Cascade / Fountain","Z","M","05","CE","Object of Interest","Monument","Other Structure","Cascade / Fountain"
"ZM05WI","Windmill (Inactive)","Z","M","05","WI","Object of Interest","Monument","Other Structure","Windmill (Inactive)"
"ZS","Stately Home","Z","S","","","Object of Interest","Stately Home","",""
"ZU","Underground Feature","Z","U","","","Object of Interest","Underground Feature","",""
"ZU01","Cave","Z","U","01","","Object of Interest","Underground Feature","Cave",""
"ZU04","Pothole / Natural Hole","Z","U","04","","Object of Interest","Underground Feature","Pothole / Natural Hole",""
"ZV","Other Underground Feature","Z","V","","","Object of Interest","Other Underground Feature","",""
"ZV01","Cellar","Z","V","01","","Object of Interest","Other Underground Feature","Cellar",""
"ZV02","Disused Mine","Z","V","02","","Object of Interest","Other Underground Feature","Disused Mine",""
"ZV02MI","Mineral Mining / Inactive","Z","V","02","MI","Object of Interest","Other Underground Feature","Disused Mine","Mineral Mining / Inactive"
"ZV02OI","Oil And / Gas Extraction/ Inactive","Z","V","02","OI","Object of Interest","Other Underground Feature","Disused Mine","Oil And / Gas Extraction/ Inactive"
"ZV02QI","Mineral Quarrying And / Open Extraction / Inactive","Z","V","02","QI","Object of Interest","Other Underground Feature","Disused Mine","Mineral Quarrying And / Open Extraction / Inactive"
"ZV03","Well / Spring","Z","V","03","","Object of Interest","Other Underground Feature","Well / Spring",""
"ZV03SG","Spring","Z","V","03","SG","Object of Interest","Other Underground Feature","Well / Spring","Spring"
"ZV03WL","Well","Z","V","03","WL","Object of Interest","Other Underground Feature","Well / Spring","Well"
"ZW","Place Of Worship","Z","W","","","Object of Interest","Place Of Worship","",""
"ZW99AB","Abbey","Z","W","99","AB","Object of Interest","Place Of Worship","","Abbey"
"ZW99CA","Cathedral","Z","W","99","CA","Object of Interest","Place Of Worship","","Cathedral"
"ZW99CH","Church","Z","W","99","CH","Object of Interest","Place Of Worship","","Church"
"ZW99CP","Chapel","Z","W","99","CP","Object of Interest","Place Of Worship","","Chapel"
"ZW99GU","Gurdwara","Z","W","99","GU","Object of Interest","Place Of Worship","","Gurdwara"
"ZW99KH","Kingdom Hall","Z","W","99","KH","Object of Interest","Place Of Worship","","Kingdom Hall"
"ZW99MQ","Mosque","Z","W","99","MQ","Object of Interest","Place Of Worship","","Mosque"
"ZW99MT","Minster","Z","W","99","MT","Object of Interest","Place Of Worship","","Minster"
"ZW99SU","Stupa","Z","W","99","SU","Object of Interest","Place Of Worship","","Stupa"
"ZW99SY","Synagogue","Z","W","99","SY","Object of Interest","Place Of Worship","","Synagogue"
"ZW99TP","Temple","Z","W","99","TP","Object of Interest","Place Of Worship","","Temple"
"ZW99LG","Lych Gate","Z","W","99","LG","Object of Interest","Place Of Worship","","Lych Gate"